C_num,User_gender,eng_bf,eng_dbert,eng_gru,eng_random,eng_textblob,spa_bf,spa_dbert,spa_gru,spa_random,spa_textblob,dan_bf,dan_dbert,dan_gru,dan_random,dan_textblob
1,0,-1,1.0,0.0,0.71,0.0,-1,1.0,0.0,0.56,0.0,-1,1.0,0.0,0.84,0.0
1,0,-1,1.0,0.67,-0.32,0.4,-1,1.0,0.67,-0.85,0.4,-1,1.0,0.67,-0.35,0.4
1,0,-1,1.0,-0.67,0.99,0.0,-1,-0.99,-0.67,-0.28,0.0,-1,1.0,0.0,-0.58,0.0
1,0,-1,-1.0,0.0,0.03,0.0,-1,0.99,0.0,-0.47,0.0,-1,-1.0,0.0,0.2,0.0
1,0,-1,1.0,0.0,-0.34,0.0,-1,0.99,0.0,-0.58,0.3,-1,1.0,0.33,0.2,0.0
1,0,-1,1.0,0.67,-0.12,0.25,-1,0.99,0.67,-0.9,0.25,-1,1.0,0.67,-0.32,0.25
1,0,-1,0.96,0.0,-0.88,0.0,-1,-0.8,0.0,-0.65,0.0,-1,0.96,0.33,-0.09,0.0
1,0,-1,-1.0,0.0,-0.9,0.0,-1,0.99,0.0,0.62,0.0,-1,-1.0,0.0,0.95,0.0
1,0,-1,1.0,0.0,-0.9,0.0,-1,1.0,0.0,-0.66,0.3,-1,1.0,0.33,0.79,0.0
1,0,-1,1.0,0.67,0.09,0.25,-1,0.99,0.67,0.52,0.25,-1,1.0,0.67,0.19,0.25
1,0,-1,0.98,0.0,0.36,0.0,-1,-0.75,0.0,0.9,0.0,-1,0.98,-0.67,-0.62,0.0
1,0,-1,-1.0,0.0,0.42,0.0,-1,0.99,0.0,-0.78,0.0,-1,-1.0,0.0,0.07,0.0
1,0,-1,1.0,0.0,-0.84,0.0,-1,1.0,0.0,0.96,0.3,-1,1.0,0.33,-0.0,0.0
1,0,-1,1.0,0.67,-0.4,0.25,-1,0.99,0.67,-0.21,0.25,-1,1.0,0.67,0.18,0.25
1,0,-1,1.0,0.0,0.48,0.0,-1,-0.99,0.0,-0.32,0.0,-1,1.0,0.33,0.95,0.0
1,0,-1,-0.96,-0.67,-0.69,0.0,-1,0.95,0.0,0.6,0.0,-1,-0.96,0.0,0.19,0.0
1,0,-1,1.0,0.0,-0.61,0.0,-1,0.99,1.0,0.59,0.0,-1,1.0,1.0,0.42,0.0
1,0,-1,0.99,0.0,0.81,0.5,-1,0.99,0.0,-0.73,0.5,-1,0.99,0.0,0.89,0.5
1,0,-1,1.0,0.0,-0.68,0.0,-1,0.99,0.0,-0.27,0.0,-1,1.0,0.33,-0.73,0.5
1,0,-1,0.99,0.0,0.9,0.5,-1,0.99,0.0,0.47,0.5,-1,0.99,0.0,0.86,0.5
1,0,-1,1.0,0.0,-0.53,0.0,-1,0.99,0.0,0.31,0.0,-1,1.0,0.0,-0.76,0.0
1,0,-1,-1.0,1.0,-0.73,0.0,-1,0.99,0.67,-0.19,0.0,-1,-1.0,-1.0,-0.83,0.2
1,0,-1,0.98,0.0,-0.37,0.0,-1,-0.8,0.33,0.98,0.0,-1,0.98,0.33,-0.69,0.0
1,0,-1,-1.0,0.0,0.18,0.0,-1,0.99,-0.33,0.73,0.0,-1,-1.0,-0.67,0.32,0.0
1,0,-1,1.0,0.0,0.92,0.0,-1,0.99,0.0,-0.73,0.0,-1,1.0,0.0,-0.35,0.0
1,0,-1,-1.0,0.33,0.23,0.0,-1,0.99,-0.67,-0.75,0.0,-1,-1.0,-0.67,0.15,0.0
1,0,-1,1.0,0.0,0.54,0.0,-1,-0.99,0.0,0.96,0.05,-1,1.0,0.0,0.27,0.0
1,0,-1,0.63,0.67,0.51,0.01,-1,0.99,0.67,-0.43,0.01,-1,0.63,0.0,0.44,0.01
1,0,-1,1.0,0.0,-0.79,0.0,-1,0.99,0.0,0.56,0.0,-1,1.0,0.0,0.2,0.0
1,0,-1,-0.98,0.0,0.89,0.0,-1,0.99,-0.67,-0.78,0.0,-1,-0.98,-0.67,-0.36,0.0
1,0,-1,0.99,0.0,0.09,0.0,-1,-0.99,0.0,0.13,0.0,-1,0.99,0.0,-0.88,0.0
1,0,-1,-0.86,1.0,0.5,0.0,-1,0.99,-0.33,0.9,0.1,-1,-0.86,-0.33,-0.65,0.1
1,0,-1,1.0,0.0,0.41,0.0,-1,1.0,0.0,0.37,0.0,-1,1.0,0.0,-0.45,0.0
1,0,-1,0.65,0.0,-0.44,0.25,-1,0.99,-0.67,0.69,0.25,-1,0.65,0.0,0.49,0.25
1,0,-1,1.0,0.0,-0.23,0.0,-1,0.99,0.0,0.78,0.0,-1,1.0,0.0,-0.6,0.0
1,0,-1,-0.99,-0.67,-0.96,0.0,-1,0.99,-0.67,-0.34,0.0,-1,-0.99,-0.67,0.44,0.0
1,0,-1,1.0,0.0,0.86,0.0,-1,1.0,0.0,-0.3,0.0,-1,1.0,0.0,0.41,0.0
1,0,-1,1.0,0.67,0.42,0.2,-1,1.0,0.67,-0.52,0.0,-1,1.0,1.0,-0.14,0.0
2,0,-1,1.0,0.0,-0.63,0.0,-1,0.96,0.0,-0.29,0.0,-1,1.0,0.0,-0.75,0.0
2,0,-1,1.0,0.67,0.79,0.4,-1,1.0,0.67,0.95,0.4,-1,1.0,0.67,-0.73,0.4
2,0,-1,-1.0,-0.67,0.82,0.0,-1,1.0,-0.67,0.64,0.0,-1,-1.0,0.33,0.51,0.0
2,0,-1,-1.0,0.0,-0.74,0.0,-1,0.98,0.0,0.49,0.0,-1,-1.0,0.0,0.26,0.0
2,0,-1,1.0,0.0,0.21,0.0,-1,-0.99,0.0,-0.32,0.3,-1,1.0,0.33,-0.16,0.0
2,0,-1,1.0,0.67,-0.74,0.25,-1,1.0,0.67,-0.89,0.25,-1,1.0,0.67,0.63,0.25
2,0,-1,-1.0,-0.67,0.58,0.0,-1,0.99,-0.67,-0.11,0.0,-1,-1.0,-0.67,-0.78,0.0
2,0,-1,-1.0,0.0,-0.65,0.0,-1,1.0,0.0,-0.61,0.0,-1,-1.0,0.0,-0.48,0.0
2,0,-1,1.0,0.0,-0.49,0.0,-1,-0.8,0.0,0.31,0.3,-1,1.0,0.33,0.07,0.0
2,0,-1,1.0,0.67,-0.76,0.25,-1,1.0,0.67,0.97,0.25,-1,1.0,0.67,-0.37,0.25
2,0,-1,0.97,0.0,-0.25,0.0,-1,1.0,0.0,0.22,0.0,-1,0.97,-0.67,0.47,0.0
2,0,-1,-1.0,0.0,0.9,0.0,-1,1.0,0.0,-0.76,0.0,-1,-1.0,0.0,-0.0,0.0
2,0,-1,1.0,0.0,0.14,0.0,-1,-0.75,0.0,0.86,0.3,-1,1.0,0.33,0.38,0.0
2,0,-1,1.0,0.67,0.49,0.25,-1,1.0,0.67,-0.09,0.25,-1,1.0,0.67,-0.71,0.25
2,0,-1,-0.99,-0.67,-0.83,0.14,-1,1.0,-0.67,0.79,0.14,-1,-0.99,-0.67,-0.57,0.14
2,0,-1,-1.0,0.0,-0.36,0.0,-1,1.0,0.0,0.67,0.0,-1,-1.0,0.0,0.72,0.0
2,0,-1,1.0,0.0,0.02,0.0,-1,-0.99,0.0,-0.59,0.3,-1,1.0,0.33,0.49,0.0
2,0,-1,1.0,0.67,-0.89,0.25,-1,1.0,0.67,-0.08,0.25,-1,1.0,0.67,-0.51,0.25
2,0,-1,-1.0,-0.67,-0.15,0.5,-1,0.99,-0.67,0.08,0.5,-1,-1.0,-0.33,-0.03,0.5
2,0,-1,-1.0,0.0,0.88,0.0,-1,1.0,0.0,-0.42,0.0,-1,-1.0,0.0,-0.43,0.0
2,0,-1,1.0,0.0,0.35,0.0,-1,0.99,0.0,0.65,0.3,-1,1.0,0.33,-0.53,0.0
2,0,-1,1.0,0.67,0.04,0.25,-1,1.0,0.67,-0.67,0.25,-1,1.0,0.67,0.31,0.25
2,0,-1,1.0,0.0,0.05,0.0,-1,1.0,0.0,-0.39,0.0,-1,1.0,0.33,0.73,0.0
2,0,-1,-0.96,-0.67,0.93,0.0,-1,1.0,0.0,-0.52,0.0,-1,-0.96,0.0,-0.06,0.0
2,0,-1,1.0,0.0,-0.98,0.0,-1,-0.8,1.0,-0.57,0.0,-1,1.0,1.0,0.97,0.0
2,0,-1,0.99,0.0,0.25,0.5,-1,1.0,0.0,-0.18,0.5,-1,0.99,0.0,-0.99,0.5
2,0,-1,1.0,0.0,0.37,0.0,-1,1.0,0.0,-0.92,0.0,-1,1.0,0.33,-0.93,0.5
2,0,-1,0.99,0.0,-0.47,0.5,-1,1.0,0.0,0.56,0.5,-1,0.99,0.0,-0.5,0.5
2,0,-1,1.0,0.0,0.51,0.0,-1,-0.8,0.0,0.94,0.0,-1,1.0,0.0,0.16,0.0
2,0,-1,-1.0,1.0,-0.14,0.0,-1,0.99,0.67,-0.16,0.0,-1,-1.0,-1.0,0.69,0.2
2,0,-1,0.98,0.0,0.9,0.0,-1,-0.99,0.33,-0.72,0.0,-1,0.98,0.33,0.77,0.0
2,0,-1,-1.0,0.0,-0.33,0.0,-1,1.0,-0.33,-0.01,0.0,-1,-1.0,-0.67,-0.22,0.0
2,0,-1,1.0,0.0,-0.92,0.0,-1,0.99,0.0,0.31,0.0,-1,1.0,0.0,0.56,0.0
2,0,-1,-1.0,0.33,0.21,0.0,-1,0.99,-0.67,0.64,0.0,-1,-1.0,-0.67,-0.27,0.0
2,0,-1,1.0,0.0,-0.53,0.0,-1,-0.99,0.0,-0.35,0.05,-1,1.0,0.0,0.88,0.0
2,0,-1,0.63,0.67,-0.36,0.01,-1,1.0,0.67,0.08,0.01,-1,0.63,0.0,0.76,0.01
2,0,-1,1.0,0.0,0.15,0.0,-1,0.99,0.0,-0.67,0.0,-1,1.0,0.0,-0.96,0.0
2,0,-1,-0.98,0.0,-0.52,0.0,-1,0.99,-0.67,-0.36,0.0,-1,-0.98,-0.67,0.16,0.0
2,0,-1,0.99,0.0,-0.56,0.0,-1,0.99,0.0,0.21,0.0,-1,0.99,0.0,-0.87,0.0
2,0,-1,-0.86,1.0,-0.62,0.0,-1,1.0,-0.33,0.88,0.1,-1,-0.86,-0.33,-0.65,0.1
2,0,-1,1.0,0.0,-0.79,0.0,-1,1.0,0.0,0.61,0.0,-1,1.0,0.0,0.28,0.0
2,0,-1,0.65,0.0,-0.86,0.25,-1,0.53,-0.67,0.85,0.25,-1,0.65,0.0,0.55,0.25
2,0,-1,1.0,0.0,0.79,0.0,-1,1.0,0.0,0.15,0.0,-1,1.0,0.0,-0.53,0.0
2,0,-1,-0.99,-0.67,-0.51,0.0,-1,0.99,-0.67,0.11,0.0,-1,-0.99,-0.67,0.12,0.0
2,0,-1,1.0,0.0,-0.18,0.0,-1,-0.99,0.0,0.19,0.0,-1,1.0,0.0,0.71,0.0
2,0,-1,1.0,0.67,-0.48,0.2,-1,1.0,0.67,-0.71,0.0,-1,1.0,1.0,0.2,0.0
3,0,-1,1.0,0.0,-0.88,0.0,-1,0.99,0.0,-0.21,0.0,-1,1.0,0.0,0.4,0.0
3,0,-1,1.0,0.67,-0.7,0.4,-1,1.0,0.67,-0.76,0.4,-1,1.0,0.67,0.81,0.4
3,0,-1,1.0,-0.67,0.97,0.0,-1,-0.99,-0.67,0.68,0.0,-1,1.0,0.0,0.72,0.0
3,0,-1,-1.0,0.0,-0.85,0.0,-1,1.0,0.0,0.87,0.0,-1,-1.0,0.0,0.43,0.0
3,0,-1,1.0,0.0,-0.71,0.0,-1,1.0,0.0,0.84,0.3,-1,1.0,0.33,0.22,0.0
3,0,-1,1.0,0.67,0.41,0.25,-1,1.0,0.67,0.58,0.25,-1,1.0,0.67,0.78,0.25
3,0,-1,0.96,0.0,0.16,0.0,-1,-0.8,0.0,-0.99,0.0,-1,0.96,0.33,-0.21,0.0
3,0,-1,-1.0,0.0,-0.21,0.0,-1,1.0,0.0,0.3,0.0,-1,-1.0,0.0,0.03,0.0
3,0,-1,1.0,0.0,0.4,0.0,-1,1.0,0.0,-0.23,0.3,-1,1.0,0.33,0.03,0.0
3,0,-1,1.0,0.67,-0.62,0.25,-1,1.0,0.67,-0.29,0.25,-1,1.0,0.67,0.12,0.25
3,0,-1,0.98,0.0,0.49,0.0,-1,-0.84,0.0,-0.6,0.0,-1,0.98,-0.67,-0.46,0.0
3,0,-1,-1.0,0.0,0.86,0.0,-1,1.0,0.0,-0.22,0.0,-1,-1.0,0.0,0.59,0.0
3,0,-1,1.0,0.0,-0.74,0.0,-1,1.0,0.0,0.55,0.3,-1,1.0,0.33,-0.99,0.0
3,0,-1,1.0,0.67,0.11,0.25,-1,1.0,0.67,-0.41,0.25,-1,1.0,0.67,-0.47,0.25
3,0,-1,1.0,0.0,-0.09,0.0,-1,-0.99,0.0,0.5,0.0,-1,1.0,0.33,-0.85,0.0
3,0,-1,-0.96,-0.67,0.04,0.0,-1,1.0,0.0,-0.81,0.0,-1,-0.96,0.0,-0.92,0.0
3,0,-1,1.0,0.0,0.71,0.0,-1,1.0,1.0,0.37,0.0,-1,1.0,1.0,-0.78,0.0
3,0,-1,0.99,0.0,0.84,0.5,-1,1.0,0.0,-0.38,0.5,-1,0.99,0.0,0.66,0.5
3,0,-1,1.0,0.0,-0.54,0.0,-1,0.99,0.0,0.42,0.0,-1,1.0,0.33,0.82,0.5
3,0,-1,0.99,0.0,0.82,0.5,-1,1.0,0.0,0.77,0.5,-1,0.99,0.0,-0.17,0.5
3,0,-1,1.0,0.0,0.7,0.0,-1,0.99,0.0,0.01,0.0,-1,1.0,0.0,-0.11,0.0
3,0,-1,-1.0,1.0,0.91,0.0,-1,1.0,0.67,-0.13,0.0,-1,-1.0,-1.0,-0.76,0.2
3,0,-1,0.98,0.0,-0.21,0.0,-1,-0.8,0.33,-0.61,0.0,-1,0.98,0.33,-0.87,0.0
3,0,-1,-1.0,0.0,-1.0,0.0,-1,1.0,-0.33,0.84,0.0,-1,-1.0,-0.67,-0.45,0.0
3,0,-1,1.0,0.0,-0.21,0.0,-1,1.0,0.0,-0.76,0.0,-1,1.0,0.0,0.71,0.0
3,0,-1,-1.0,0.33,-0.4,0.0,-1,1.0,-0.67,-0.54,0.0,-1,-1.0,-0.67,0.71,0.0
3,0,-1,1.0,0.0,-0.07,0.0,-1,-0.99,0.0,0.48,0.05,-1,1.0,0.0,0.02,0.0
3,0,-1,0.63,0.67,-0.27,0.01,-1,1.0,0.67,0.46,0.01,-1,0.63,0.0,0.47,0.01
3,0,-1,1.0,0.0,-0.08,0.0,-1,1.0,0.0,-0.46,0.0,-1,1.0,0.0,-0.39,0.0
3,0,-1,-0.98,0.0,0.04,0.0,-1,1.0,-0.67,-0.17,0.0,-1,-0.98,-0.67,-0.99,0.0
3,0,-1,0.99,0.0,0.67,0.0,-1,-0.99,0.0,-0.87,0.0,-1,0.99,0.0,-0.02,0.0
3,0,-1,-0.86,1.0,0.23,0.0,-1,1.0,-0.33,0.14,0.1,-1,-0.86,-0.33,-0.59,0.1
3,0,-1,1.0,0.0,0.04,0.0,-1,0.99,0.0,0.14,0.0,-1,1.0,0.0,0.99,0.0
3,0,-1,0.65,0.0,-0.87,0.25,-1,1.0,-0.67,-0.1,0.25,-1,0.65,0.0,-0.51,0.25
3,0,-1,1.0,0.0,-0.68,0.0,-1,0.99,0.0,0.97,0.0,-1,1.0,0.0,-0.7,0.0
3,0,-1,-0.99,-0.67,-0.06,0.0,-1,1.0,-0.67,0.65,0.0,-1,-0.99,-0.67,-0.83,0.0
3,0,-1,1.0,0.0,-0.31,0.0,-1,0.99,0.0,-0.73,0.0,-1,1.0,0.0,-0.45,0.0
3,0,-1,1.0,0.67,0.76,0.2,-1,0.99,0.67,-0.66,0.0,-1,1.0,1.0,-0.53,0.0
4,0,-1,1.0,0.0,-0.46,0.0,-1,-0.99,0.0,-0.92,0.0,-1,1.0,0.0,0.47,0.0
4,0,-1,1.0,0.67,0.2,0.4,-1,1.0,0.67,0.16,0.4,-1,1.0,0.67,-0.21,0.4
4,0,-1,-1.0,-0.67,0.35,0.0,-1,1.0,-0.67,-0.24,0.0,-1,-1.0,0.33,0.71,0.0
4,0,-1,-1.0,0.0,0.02,0.0,-1,1.0,0.0,0.4,0.0,-1,-1.0,0.0,0.76,0.0
4,0,-1,1.0,0.0,-0.12,0.0,-1,-0.8,0.0,-0.74,0.3,-1,1.0,0.33,0.76,0.0
4,0,-1,1.0,0.67,0.45,0.25,-1,1.0,0.67,-0.35,0.25,-1,1.0,0.67,0.44,0.25
4,0,-1,-1.0,-0.67,-0.45,0.0,-1,-0.75,-0.67,0.28,0.0,-1,-1.0,-0.67,0.24,0.0
4,0,-1,-1.0,0.0,-0.35,0.0,-1,1.0,0.0,-0.69,0.0,-1,-1.0,0.0,0.59,0.0
4,0,-1,1.0,0.0,0.33,0.0,-1,0.99,0.0,0.87,0.3,-1,1.0,0.33,0.91,0.0
4,0,-1,1.0,0.67,0.72,0.25,-1,1.0,0.67,-0.1,0.25,-1,1.0,0.67,0.63,0.25
4,0,-1,0.97,0.0,-0.62,0.0,-1,-0.99,0.0,0.16,0.0,-1,0.97,-0.67,-0.44,0.0
4,0,-1,-1.0,0.0,0.11,0.0,-1,1.0,0.0,-0.3,0.0,-1,-1.0,0.0,0.11,0.0
4,0,-1,1.0,0.0,-0.0,0.0,-1,1.0,0.0,-0.62,0.3,-1,1.0,0.33,0.03,0.0
4,0,-1,1.0,0.67,-0.9,0.25,-1,1.0,0.67,-0.92,0.25,-1,1.0,0.67,-0.38,0.25
4,0,-1,-0.99,-0.67,0.16,0.14,-1,0.99,-0.67,0.44,0.14,-1,-0.99,-0.67,0.01,0.14
4,0,-1,-1.0,0.0,-0.22,0.0,-1,1.0,0.0,0.63,0.0,-1,-1.0,0.0,0.71,0.0
4,0,-1,1.0,0.0,-0.69,0.0,-1,1.0,0.0,0.89,0.3,-1,1.0,0.33,-0.51,0.0
4,0,-1,1.0,0.67,-0.23,0.25,-1,1.0,0.67,0.55,0.25,-1,1.0,0.67,0.04,0.25
4,0,-1,-1.0,-0.67,-0.25,0.5,-1,0.96,-0.67,0.13,0.5,-1,-1.0,-0.33,-0.22,0.5
4,0,-1,-1.0,0.0,-0.52,0.0,-1,1.0,0.0,0.81,0.0,-1,-1.0,0.0,0.0,0.0
4,0,-1,1.0,0.0,0.03,0.0,-1,1.0,0.0,-0.52,0.3,-1,1.0,0.33,-0.54,0.0
4,0,-1,1.0,0.67,0.92,0.25,-1,0.99,0.67,-0.62,0.25,-1,1.0,0.67,-0.81,0.25
4,0,-1,1.0,0.0,0.29,0.0,-1,-0.98,0.0,-0.73,0.0,-1,1.0,0.33,0.27,0.0
4,0,-1,-0.96,-0.67,0.19,0.0,-1,1.0,0.0,-0.68,0.0,-1,-0.96,0.0,0.34,0.0
4,0,-1,1.0,0.0,-0.53,0.0,-1,0.99,1.0,0.89,0.0,-1,1.0,1.0,-0.37,0.0
4,0,-1,0.99,0.0,0.79,0.5,-1,0.99,0.0,0.01,0.5,-1,0.99,0.0,-0.47,0.5
4,0,-1,1.0,0.0,-0.21,0.0,-1,0.91,0.0,-0.41,0.0,-1,1.0,0.33,0.78,0.5
4,0,-1,0.99,0.0,0.09,0.5,-1,0.99,0.0,-0.05,0.5,-1,0.99,0.0,0.01,0.5
4,0,-1,1.0,0.0,0.36,0.0,-1,0.99,0.0,0.09,0.0,-1,1.0,0.0,0.14,0.0
4,0,-1,-1.0,1.0,0.55,0.0,-1,0.99,0.67,-0.7,0.0,-1,-1.0,-1.0,-0.87,0.2
4,0,-1,0.98,0.0,-0.09,0.0,-1,0.88,0.33,-0.11,0.0,-1,0.98,0.33,-0.38,0.0
4,0,-1,-1.0,0.0,0.45,0.0,-1,0.99,-0.33,0.0,0.0,-1,-1.0,-0.67,0.08,0.0
4,0,-1,1.0,0.0,-0.71,0.0,-1,0.99,0.0,0.58,0.0,-1,1.0,0.0,0.09,0.0
4,0,-1,-1.0,0.33,-0.31,0.0,-1,0.99,-0.67,-0.98,0.0,-1,-1.0,-0.67,-0.73,0.0
4,0,-1,1.0,0.0,-0.93,0.0,-1,-0.99,0.0,0.83,0.05,-1,1.0,0.0,-0.62,0.0
4,0,-1,0.63,0.67,-0.52,0.01,-1,1.0,0.67,0.2,0.01,-1,0.63,0.0,0.89,0.01
4,0,-1,1.0,0.0,0.07,0.0,-1,0.99,0.0,-0.2,0.0,-1,1.0,0.0,0.48,0.0
4,0,-1,-0.98,0.0,0.44,0.0,-1,0.99,-0.67,0.01,0.0,-1,-0.98,-0.67,0.92,0.0
4,0,-1,0.99,0.0,0.87,0.0,-1,0.99,0.0,0.09,0.0,-1,0.99,0.0,0.35,0.0
4,0,-1,-0.86,1.0,-0.36,0.0,-1,0.97,-0.33,0.11,0.1,-1,-0.86,-0.33,-0.67,0.1
4,0,-1,1.0,0.0,0.02,0.0,-1,1.0,0.0,0.13,0.0,-1,1.0,0.0,-0.66,0.0
4,0,-1,0.65,0.0,0.42,0.25,-1,0.99,-0.67,0.32,0.25,-1,0.65,0.0,0.84,0.25
4,0,-1,1.0,0.0,-0.57,0.0,-1,0.69,0.0,-0.13,0.0,-1,1.0,0.0,-0.56,0.0
4,0,-1,-0.99,-0.67,-0.07,0.0,-1,0.88,-0.67,0.31,0.0,-1,-0.99,-0.67,-0.24,0.0
4,0,-1,1.0,0.0,0.82,0.0,-1,0.99,0.0,-0.51,0.0,-1,1.0,0.0,-0.09,0.0
4,0,-1,1.0,0.67,-0.0,0.2,-1,0.98,0.67,-0.51,0.0,-1,1.0,1.0,0.78,0.0
5,0,-1,1.0,0.0,-0.78,0.0,-1,-0.99,0.0,0.78,0.0,-1,1.0,0.0,0.43,0.0
5,0,-1,1.0,0.67,0.89,0.4,-1,0.93,0.67,-0.26,0.4,-1,1.0,0.67,0.68,0.4
5,0,-1,-1.0,-0.67,-0.43,0.1,-1,1.0,-0.67,0.17,0.1,-1,-1.0,-0.67,0.77,0.1
5,0,-1,-1.0,0.0,-0.97,0.0,-1,0.99,0.0,-0.53,0.0,-1,-1.0,0.0,0.7,0.0
5,0,-1,0.59,0.0,-0.17,0.0,-1,-0.98,0.0,-0.16,0.0,-1,0.59,0.0,-0.89,0.0
5,0,-1,-1.0,0.0,0.49,0.0,-1,0.91,0.0,-0.06,0.0,-1,-1.0,0.0,-0.22,0.0
5,0,-1,0.56,0.0,0.07,0.0,-1,1.0,0.0,-0.29,0.0,-1,0.56,0.33,0.58,0.0
5,0,-1,-1.0,0.0,-0.98,0.0,-1,0.98,0.0,-0.98,0.0,-1,-1.0,0.0,0.88,0.0
5,0,-1,1.0,0.0,0.76,0.0,-1,0.99,0.0,0.77,0.3,-1,1.0,0.33,0.12,0.0
5,0,-1,1.0,0.67,0.04,0.25,-1,0.94,0.67,0.22,0.25,-1,1.0,0.67,0.33,0.25
5,0,-1,-0.99,0.0,-0.69,0.0,-1,1.0,0.0,-0.6,0.0,-1,-0.99,0.33,0.61,0.0
5,0,-1,-1.0,0.0,-0.71,0.0,-1,0.99,0.0,-0.12,0.0,-1,-1.0,0.0,0.5,0.0
5,0,-1,1.0,0.0,0.53,0.0,-1,-0.98,0.0,0.03,0.3,-1,1.0,0.33,0.75,0.0
5,0,-1,1.0,0.67,-0.23,0.25,-1,1.0,0.67,0.13,0.25,-1,1.0,0.67,0.11,0.25
5,0,-1,1.0,0.0,-0.81,0.0,-1,1.0,0.0,-0.61,0.0,-1,1.0,0.33,-0.85,0.0
5,0,-1,-0.96,-0.67,-0.14,0.0,-1,0.99,0.0,-0.23,0.0,-1,-0.96,0.0,0.83,0.0
5,0,-1,1.0,0.0,-0.42,0.0,-1,0.91,1.0,0.92,0.0,-1,1.0,1.0,0.69,0.0
5,0,-1,0.99,0.0,-0.24,0.5,-1,1.0,0.0,0.69,0.5,-1,0.99,0.0,0.19,0.5
5,0,-1,1.0,0.0,0.18,0.0,-1,1.0,0.0,0.24,0.0,-1,1.0,0.33,0.81,0.5
5,0,-1,0.99,0.0,-0.57,0.5,-1,0.99,0.0,0.68,0.5,-1,0.99,0.0,-0.28,0.5
5,0,-1,1.0,0.0,-0.03,0.0,-1,0.88,0.0,0.99,0.0,-1,1.0,0.0,0.13,0.0
5,0,-1,-1.0,1.0,0.73,0.0,-1,0.99,0.67,-0.13,0.0,-1,-1.0,-1.0,-0.45,0.2
5,0,-1,0.98,0.0,-0.2,0.0,-1,1.0,0.33,0.71,0.0,-1,0.98,0.33,0.7,0.0
5,0,-1,-1.0,0.0,-0.59,0.0,-1,0.99,-0.33,-0.3,0.0,-1,-1.0,-0.67,-0.05,0.0
5,0,-1,1.0,0.0,0.34,0.0,-1,0.93,0.0,-0.05,0.0,-1,1.0,0.0,0.67,0.0
5,0,-1,-1.0,0.33,-0.13,0.0,-1,0.98,-0.67,-0.79,0.0,-1,-1.0,-0.67,-0.13,0.0
5,0,-1,1.0,0.0,0.15,0.0,-1,0.99,0.0,-0.36,0.05,-1,1.0,0.0,-0.05,0.0
5,0,-1,0.63,0.67,0.17,0.01,-1,0.99,0.67,0.67,0.01,-1,0.63,0.0,0.91,0.01
5,0,-1,1.0,0.0,-0.48,0.0,-1,-0.99,0.0,-0.06,0.0,-1,1.0,0.0,-0.41,0.0
5,0,-1,-0.98,0.0,-0.84,0.0,-1,0.99,-0.67,0.77,0.0,-1,-0.98,-0.67,0.53,0.0
5,0,-1,0.99,0.0,-0.7,0.0,-1,1.0,0.0,-0.41,0.0,-1,0.99,0.0,-0.8,0.0
5,0,-1,-0.86,1.0,0.72,0.0,-1,0.99,-0.33,-0.05,0.1,-1,-0.86,-0.33,-0.47,0.1
5,0,-1,1.0,0.0,0.96,0.0,-1,-0.99,0.0,0.37,0.0,-1,1.0,0.0,0.01,0.0
5,0,-1,0.65,0.0,-0.77,0.25,-1,0.94,-0.67,0.14,0.25,-1,0.65,0.0,-0.99,0.25
5,0,-1,1.0,0.0,0.01,0.0,-1,1.0,0.0,-0.71,0.0,-1,1.0,0.0,0.92,0.0
5,0,-1,-0.99,-0.67,0.95,0.0,-1,0.99,-0.67,0.41,0.0,-1,-0.99,-0.67,-0.59,0.0
5,0,-1,1.0,0.0,0.83,0.0,-1,0.99,0.0,-0.11,0.0,-1,1.0,0.0,0.2,0.0
5,0,-1,1.0,0.67,-0.18,0.2,-1,0.99,0.67,-0.66,0.0,-1,1.0,1.0,0.83,0.0
6,0,-1,1.0,0.0,0.9,0.0,-1,1.0,0.0,0.09,0.0,-1,1.0,0.0,-0.09,0.0
6,0,-1,1.0,0.67,-0.88,0.4,-1,0.99,0.67,-0.86,0.4,-1,1.0,0.67,0.28,0.4
6,0,-1,-0.75,0.0,-0.34,0.0,-1,-0.98,0.0,-0.35,0.0,-1,-0.75,0.0,0.88,0.0
6,0,-1,1.0,0.67,-0.48,0.4,-1,1.0,0.67,0.36,0.4,-1,1.0,0.67,-0.77,0.4
6,0,-1,0.99,0.0,0.17,0.0,-1,1.0,0.0,-0.22,0.0,-1,0.99,0.0,-0.67,0.0
6,0,-1,-1.0,0.0,0.88,0.17,-1,1.0,0.0,-0.16,-0.05,-1,-1.0,0.0,0.31,0.17
6,0,-1,-0.98,0.0,-0.14,0.0,-1,0.99,0.0,0.44,0.0,-1,-0.98,0.33,0.13,0.0
6,0,-1,-1.0,0.0,-0.07,0.0,-1,1.0,0.0,0.32,0.0,-1,-1.0,0.0,0.47,0.0
6,0,-1,1.0,0.0,-0.34,0.0,-1,0.99,0.0,-0.82,0.3,-1,1.0,0.33,-0.52,0.0
6,0,-1,1.0,0.67,-0.15,0.25,-1,0.98,0.67,0.33,0.25,-1,1.0,0.67,-0.97,0.25
6,0,-1,1.0,0.0,0.22,0.0,-1,0.99,0.0,-0.68,0.0,-1,1.0,0.33,-0.06,0.0
6,0,-1,-0.96,-0.67,-0.59,0.0,-1,1.0,0.0,0.03,0.0,-1,-0.96,0.0,-0.94,0.0
6,0,-1,1.0,0.0,-0.38,0.0,-1,1.0,1.0,0.42,0.0,-1,1.0,1.0,0.74,0.0
6,0,-1,0.99,0.0,0.94,0.5,-1,0.99,0.0,0.39,0.5,-1,0.99,0.0,-0.41,0.5
6,0,-1,1.0,0.0,0.76,0.0,-1,1.0,0.0,-0.39,0.0,-1,1.0,0.33,-0.54,0.5
6,0,-1,0.99,0.0,-0.33,0.5,-1,1.0,0.0,0.31,0.5,-1,0.99,0.0,-0.1,0.5
6,0,-1,1.0,0.0,-0.61,0.0,-1,0.98,0.0,0.2,0.0,-1,1.0,0.0,-0.09,0.0
6,0,-1,-1.0,1.0,-0.43,0.0,-1,0.99,0.67,-0.67,0.0,-1,-1.0,-1.0,0.84,0.2
6,0,-1,0.98,0.0,-0.13,0.0,-1,0.99,0.33,-0.51,0.0,-1,0.98,0.33,-0.48,0.0
6,0,-1,-1.0,0.0,0.51,0.0,-1,1.0,-0.33,0.56,0.0,-1,-1.0,-0.67,0.64,0.0
6,0,-1,1.0,0.0,1.0,0.0,-1,1.0,0.0,-0.16,0.0,-1,1.0,0.0,0.92,0.0
6,0,-1,-1.0,0.33,-0.83,0.0,-1,0.98,-0.67,-0.34,0.0,-1,-1.0,-0.67,-0.92,0.0
6,0,-1,1.0,0.0,0.05,0.0,-1,0.99,0.0,-0.89,0.05,-1,1.0,0.0,-0.07,0.0
6,0,-1,0.63,0.67,-0.81,0.01,-1,0.96,0.67,-0.43,0.01,-1,0.63,0.0,-0.27,0.01
6,0,-1,1.0,0.0,0.94,0.0,-1,1.0,0.0,0.33,0.0,-1,1.0,0.0,-0.94,0.0
6,0,-1,-0.98,0.0,0.02,0.0,-1,0.99,-0.67,-0.94,0.0,-1,-0.98,-0.67,-0.09,0.0
6,0,-1,0.99,0.0,-0.04,0.0,-1,0.69,0.0,-0.41,0.0,-1,0.99,0.0,0.8,0.0
6,0,-1,-0.86,1.0,-0.0,0.0,-1,1.0,-0.33,0.59,0.1,-1,-0.86,-0.33,-0.7,0.1
6,0,-1,1.0,0.0,-0.09,0.0,-1,1.0,0.0,0.88,0.0,-1,1.0,0.0,-0.72,0.0
6,0,-1,0.65,0.0,0.54,0.25,-1,1.0,-0.67,0.63,0.25,-1,0.65,0.0,0.1,0.25
6,0,-1,1.0,0.0,0.8,0.0,-1,1.0,0.0,-0.42,0.0,-1,1.0,0.0,-0.75,0.0
6,0,-1,-0.99,-0.67,0.27,0.0,-1,1.0,-0.67,0.23,0.0,-1,-0.99,-0.67,0.09,0.0
6,0,-1,1.0,0.0,-0.21,0.0,-1,0.96,0.0,-0.05,0.0,-1,1.0,0.0,0.32,0.0
6,0,-1,1.0,0.67,0.12,0.2,-1,1.0,0.67,-0.29,0.0,-1,1.0,1.0,-0.64,0.0
7,0,-1,1.0,0.0,-0.42,0.0,-1,1.0,0.0,0.8,0.0,-1,1.0,0.0,0.62,0.0
7,0,-1,1.0,0.67,0.43,0.4,-1,0.99,0.67,0.16,0.4,-1,1.0,0.67,0.02,0.4
7,0,-1,0.95,0.0,0.61,0.0,-1,-0.98,0.0,0.63,0.0,-1,0.95,0.0,0.41,0.0
7,0,-1,-1.0,0.0,-0.12,0.0,-1,1.0,0.0,-0.62,0.0,-1,-1.0,0.0,0.08,0.0
7,0,-1,1.0,0.0,0.52,0.0,-1,0.91,0.0,-0.18,0.3,-1,1.0,0.33,-0.99,0.0
7,0,-1,1.0,0.67,-0.59,0.25,-1,1.0,0.67,-0.01,0.25,-1,1.0,0.67,0.52,0.25
7,0,-1,1.0,0.0,-0.69,0.0,-1,0.88,0.0,-0.57,0.0,-1,1.0,0.0,-0.43,0.0
7,0,-1,-1.0,0.0,0.45,0.17,-1,1.0,0.0,-0.35,-0.05,-1,-1.0,0.0,0.25,0.17
7,0,-1,-0.99,0.0,-0.82,0.0,-1,0.99,0.0,0.76,0.14,-1,-0.99,0.33,-0.62,0.14
7,0,-1,-1.0,0.0,-0.65,0.17,-1,1.0,0.0,-0.97,-0.05,-1,-1.0,0.0,0.42,0.17
7,0,-1,0.98,-0.67,0.02,0.6,-1,-0.98,-0.67,-0.33,0.6,-1,0.98,0.67,0.16,0.6
7,0,-1,-0.99,-0.33,0.15,0.0,-1,1.0,0.67,0.24,0.0,-1,-0.99,-0.33,0.56,0.0
7,0,-1,0.57,-0.67,0.16,0.0,-1,0.99,-0.67,-0.02,0.14,-1,0.57,0.0,-0.97,0.14
7,0,-1,-0.96,-0.67,-0.08,0.0,-1,1.0,0.0,-0.38,0.0,-1,-0.96,0.0,-0.59,0.0
7,0,-1,1.0,0.0,-0.44,0.0,-1,0.91,1.0,0.93,0.0,-1,1.0,1.0,-0.82,0.0
7,0,-1,0.99,0.0,-0.9,0.5,-1,1.0,0.0,0.43,0.5,-1,0.99,0.0,0.52,0.5
7,0,-1,1.0,0.0,0.5,0.0,-1,1.0,0.0,-0.36,0.0,-1,1.0,0.33,0.99,0.5
7,0,-1,0.99,0.0,0.84,0.5,-1,1.0,0.0,-0.27,0.5,-1,0.99,0.0,-0.52,0.5
7,0,-1,1.0,0.0,-0.91,0.0,-1,0.99,0.0,0.14,0.0,-1,1.0,0.0,0.19,0.0
7,0,-1,-1.0,1.0,0.2,0.0,-1,1.0,0.67,-0.31,0.0,-1,-1.0,-1.0,-0.6,0.2
7,0,-1,0.98,0.0,-0.85,0.0,-1,1.0,0.33,0.7,0.0,-1,0.98,0.33,0.31,0.0
7,0,-1,-1.0,0.0,-0.01,0.0,-1,1.0,-0.33,0.14,0.0,-1,-1.0,-0.67,-0.52,0.0
7,0,-1,1.0,0.0,-0.39,0.0,-1,-1.0,0.0,0.77,0.0,-1,1.0,0.0,0.59,0.0
7,0,-1,-1.0,0.33,-0.57,0.0,-1,0.98,-0.67,-0.44,0.0,-1,-1.0,-0.67,-0.77,0.0
7,0,-1,1.0,0.0,-0.71,0.0,-1,0.99,0.0,-0.59,0.05,-1,1.0,0.0,-0.27,0.0
7,0,-1,0.63,0.67,-0.04,0.01,-1,1.0,0.67,-0.93,0.01,-1,0.63,0.0,-0.02,0.01
7,0,-1,1.0,0.0,0.97,0.0,-1,0.99,0.0,-0.81,0.0,-1,1.0,0.0,0.41,0.0
7,0,-1,-0.98,0.0,-0.82,0.0,-1,1.0,-0.67,-0.8,0.0,-1,-0.98,-0.67,0.44,0.0
7,0,-1,0.99,0.0,0.3,0.0,-1,1.0,0.0,-0.84,0.0,-1,0.99,0.0,-0.12,0.0
7,0,-1,-0.86,1.0,0.0,0.0,-1,0.98,-0.33,0.69,0.1,-1,-0.86,-0.33,0.56,0.1
7,0,-1,1.0,0.0,-0.89,0.0,-1,1.0,0.0,-0.85,0.0,-1,1.0,0.0,-0.44,0.0
7,0,-1,0.65,0.0,0.6,0.25,-1,1.0,-0.67,-0.65,0.25,-1,0.65,0.0,-0.48,0.25
7,0,-1,1.0,0.0,-0.16,0.0,-1,0.69,0.0,-0.87,0.0,-1,1.0,0.0,0.17,0.0
7,0,-1,-0.99,-0.67,-0.54,0.0,-1,1.0,-0.67,-0.44,0.0,-1,-0.99,-0.67,-0.5,0.0
7,0,-1,1.0,0.0,0.69,0.0,-1,1.0,0.0,0.84,0.0,-1,1.0,0.0,0.06,0.0
7,0,-1,1.0,0.67,-0.89,0.2,-1,1.0,0.67,-0.04,0.0,-1,1.0,1.0,-0.65,0.0
8,0,-1,1.0,0.0,0.19,0.0,-1,0.69,0.0,-0.81,0.0,-1,1.0,0.0,-0.98,0.0
8,0,-1,1.0,0.67,0.98,0.4,-1,1.0,0.67,0.51,0.4,-1,1.0,0.67,0.93,0.4
8,0,-1,-0.98,-0.67,0.28,0.0,-1,0.99,-0.67,0.88,0.0,-1,-0.98,0.33,-0.05,0.0
8,0,-1,-1.0,0.0,0.8,0.0,-1,1.0,0.0,0.73,0.0,-1,-1.0,0.0,-0.39,0.0
8,0,-1,1.0,0.0,0.09,0.0,-1,0.69,0.0,0.24,0.3,-1,1.0,0.33,0.28,0.0
8,0,-1,1.0,0.67,0.4,0.25,-1,1.0,0.67,0.95,0.25,-1,1.0,0.67,-0.96,0.25
8,0,-1,-1.0,-0.67,0.96,-0.17,-1,1.0,-0.67,-0.23,-0.17,-1,-1.0,-0.67,-0.82,-0.17
8,0,-1,-0.96,-0.67,-0.15,0.0,-1,1.0,0.0,0.65,0.0,-1,-0.96,0.0,-0.18,0.0
8,0,-1,-0.94,0.0,0.43,0.0,-1,-0.99,0.0,0.64,0.0,-1,-0.94,0.0,0.69,0.0
8,0,-1,-0.99,0.0,0.18,-0.17,-1,1.0,0.0,0.22,-0.15,-1,-0.99,0.0,0.02,-0.17
8,0,-1,0.95,0.0,0.78,0.0,-1,1.0,0.0,0.44,0.0,-1,0.95,0.0,-0.97,0.0
8,0,-1,0.63,0.67,-0.3,0.01,-1,0.97,0.67,0.38,0.01,-1,0.63,0.0,0.41,0.01
8,0,-1,1.0,0.0,-0.54,0.0,-1,0.98,0.0,-0.02,0.0,-1,1.0,0.0,-0.31,0.0
8,0,-1,-0.98,0.0,0.58,0.0,-1,1.0,-0.67,0.35,0.0,-1,-0.98,-0.67,0.81,0.0
8,0,-1,0.99,0.0,0.2,0.0,-1,-0.98,0.0,-0.52,0.0,-1,0.99,0.0,-0.16,0.0
8,0,-1,-0.86,1.0,-0.2,0.0,-1,1.0,-0.33,-0.1,0.1,-1,-0.86,-0.33,-0.59,0.1
8,0,-1,1.0,0.0,-0.48,0.0,-1,1.0,0.0,-0.35,0.0,-1,1.0,0.0,-0.7,0.0
8,0,-1,0.65,0.0,-0.61,0.25,-1,0.98,-0.67,-0.29,0.25,-1,0.65,0.0,-0.37,0.25
8,0,-1,1.0,0.0,-0.5,0.0,-1,-0.86,0.0,0.35,0.0,-1,1.0,0.0,-0.3,0.0
8,0,-1,-0.99,-0.67,-0.68,0.0,-1,1.0,-0.67,-0.75,0.0,-1,-0.99,-0.67,-0.48,0.0
8,0,-1,1.0,0.0,0.45,0.0,-1,0.99,0.0,0.77,0.0,-1,1.0,0.0,0.93,0.0
8,0,-1,1.0,1.0,-0.15,0.0,-1,1.0,1.0,-0.59,0.0,-1,1.0,1.0,0.32,0.0
8,0,-1,1.0,0.0,0.65,0.0,-1,1.0,0.0,0.88,0.0,-1,1.0,0.0,-0.01,0.0
8,0,-1,1.0,0.67,-0.55,0.4,-1,0.98,0.67,-0.81,0.4,-1,1.0,0.67,0.6,0.4
8,0,-1,1.0,-0.67,0.7,0.0,-1,0.99,-0.67,0.88,0.0,-1,1.0,0.0,-0.17,0.0
8,0,-1,-1.0,0.0,0.17,0.0,-1,0.98,0.0,0.26,0.0,-1,-1.0,0.0,-0.57,0.0
8,0,-1,1.0,0.0,-0.3,0.0,-1,1.0,0.0,0.01,0.3,-1,1.0,0.33,0.12,0.0
8,0,-1,1.0,0.67,-0.24,0.25,-1,0.98,0.67,-0.19,0.25,-1,1.0,0.67,0.14,0.25
8,0,-1,0.96,0.0,-0.41,0.0,-1,0.98,0.0,0.18,0.0,-1,0.96,0.33,-0.92,0.0
8,0,-1,-1.0,0.0,0.54,0.0,-1,1.0,0.0,0.68,0.0,-1,-1.0,0.0,-0.36,0.0
8,0,-1,1.0,0.0,0.68,0.0,-1,1.0,0.0,-0.79,0.3,-1,1.0,0.33,-0.17,0.0
8,0,-1,1.0,0.67,0.3,0.25,-1,1.0,0.67,-0.01,0.25,-1,1.0,0.67,0.08,0.25
8,0,-1,0.98,0.0,-0.84,0.0,-1,0.98,0.0,0.58,0.0,-1,0.98,-0.67,-0.42,0.0
8,0,-1,-1.0,0.0,-0.01,0.0,-1,1.0,0.0,-0.34,0.0,-1,-1.0,0.0,0.17,0.0
8,0,-1,1.0,0.0,-0.09,0.0,-1,-0.99,0.0,0.26,0.3,-1,1.0,0.33,0.72,0.0
8,0,-1,1.0,0.67,0.61,0.25,-1,1.0,0.67,0.15,0.25,-1,1.0,0.67,0.85,0.25
8,0,-1,1.0,0.0,-0.62,0.0,-1,0.99,0.0,-0.89,0.0,-1,1.0,0.33,-0.57,0.0
8,0,-1,-0.96,-0.67,-0.96,0.0,-1,1.0,0.0,0.69,0.0,-1,-0.96,0.0,0.25,0.0
8,0,-1,1.0,0.0,-0.19,0.0,-1,0.88,1.0,0.97,0.0,-1,1.0,1.0,-0.77,0.0
8,0,-1,0.99,0.0,-0.42,0.5,-1,1.0,0.0,0.62,0.5,-1,0.99,0.0,-0.37,0.5
8,0,-1,1.0,0.0,-0.98,0.0,-1,0.99,0.0,-0.81,0.0,-1,1.0,0.33,0.78,0.5
8,0,-1,0.99,0.0,-0.04,0.5,-1,1.0,0.0,-0.11,0.5,-1,0.99,0.0,-0.37,0.5
8,0,-1,1.0,0.0,-0.39,0.0,-1,0.93,0.0,0.49,0.0,-1,1.0,0.0,-0.84,0.0
8,0,-1,-1.0,1.0,0.54,0.0,-1,1.0,0.67,0.44,0.0,-1,-1.0,-1.0,-0.54,0.2
8,0,-1,0.98,0.0,-0.81,0.0,-1,1.0,0.33,-0.64,0.0,-1,0.98,0.33,0.99,0.0
8,0,-1,-1.0,0.0,0.35,0.0,-1,1.0,-0.33,0.34,0.0,-1,-1.0,-0.67,-0.94,0.0
8,0,-1,1.0,0.0,-0.1,0.0,-1,0.99,0.0,0.35,0.0,-1,1.0,0.0,0.11,0.0
8,0,-1,-1.0,0.33,0.86,0.0,-1,1.0,-0.67,0.82,0.0,-1,-1.0,-0.67,-0.15,0.0
8,0,-1,1.0,0.0,0.49,0.0,-1,0.99,0.0,-0.31,0.05,-1,1.0,0.0,0.04,0.0
8,0,-1,0.63,0.67,-0.22,0.01,-1,1.0,0.67,0.46,0.01,-1,0.63,0.0,-0.96,0.01
8,0,-1,1.0,0.0,0.26,0.0,-1,0.99,0.0,0.5,0.0,-1,1.0,0.0,0.66,0.0
8,0,-1,-0.98,0.0,0.99,0.0,-1,1.0,-0.67,-0.23,0.0,-1,-0.98,-0.67,0.22,0.0
8,0,-1,0.99,0.0,-0.05,0.0,-1,0.99,0.0,0.97,0.0,-1,0.99,0.0,0.1,0.0
8,0,-1,-0.86,1.0,-0.47,0.0,-1,1.0,-0.33,-0.96,0.1,-1,-0.86,-0.33,-0.43,0.1
8,0,-1,1.0,0.0,-0.5,0.0,-1,0.69,0.0,0.6,0.0,-1,1.0,0.0,-0.91,0.0
8,0,-1,0.65,0.0,0.37,0.25,-1,1.0,-0.67,0.48,0.25,-1,0.65,0.0,0.41,0.25
8,0,-1,1.0,0.0,-0.94,0.0,-1,-0.99,0.0,-0.63,0.0,-1,1.0,0.0,0.62,0.0
8,0,-1,-0.99,-0.67,-0.5,0.0,-1,1.0,-0.67,0.2,0.0,-1,-0.99,-0.67,0.81,0.0
8,0,-1,1.0,0.0,0.18,0.0,-1,-0.98,0.0,-0.33,0.0,-1,1.0,0.0,-0.87,0.0
8,0,-1,1.0,0.67,0.5,0.2,-1,1.0,0.67,-0.86,0.0,-1,1.0,1.0,-0.19,0.0
9,0,-1,1.0,0.0,0.65,0.0,-1,-0.97,0.0,-0.05,0.0,-1,1.0,0.0,-0.03,0.0
9,0,-1,1.0,0.67,-0.99,0.4,-1,1.0,0.67,-0.5,0.4,-1,1.0,0.67,-0.23,0.4
9,0,-1,-1.0,-0.67,-0.01,0.0,-1,0.99,-0.67,-0.84,0.0,-1,-1.0,0.33,-0.31,0.0
9,0,-1,-1.0,0.0,0.6,0.0,-1,1.0,0.0,-0.24,0.0,-1,-1.0,0.0,0.69,0.0
9,0,-1,1.0,0.0,0.85,0.0,-1,-0.99,0.0,0.08,0.3,-1,1.0,0.33,-0.12,0.0
9,0,-1,1.0,0.67,0.54,0.25,-1,1.0,0.67,0.24,0.25,-1,1.0,0.67,0.76,0.25
9,0,-1,-1.0,-0.67,0.59,0.0,-1,0.94,-0.67,0.68,0.0,-1,-1.0,-0.67,0.87,0.0
9,0,-1,-1.0,0.0,-0.14,0.0,-1,1.0,0.0,-0.64,0.0,-1,-1.0,0.0,-0.54,0.0
9,0,-1,1.0,0.0,-0.63,0.0,-1,0.91,0.0,0.24,0.3,-1,1.0,0.33,-0.54,0.0
9,0,-1,1.0,0.67,0.92,0.25,-1,0.99,0.67,-0.56,0.25,-1,1.0,0.67,0.71,0.25
9,0,-1,0.97,0.0,-0.19,0.0,-1,-0.98,0.0,0.17,0.0,-1,0.97,-0.67,-0.07,0.0
9,0,-1,-1.0,0.0,-0.97,0.0,-1,1.0,0.0,0.8,0.0,-1,-1.0,0.0,0.68,0.0
9,0,-1,1.0,0.0,-0.83,0.0,-1,-0.98,0.0,-0.02,0.3,-1,1.0,0.33,-0.85,0.0
9,0,-1,1.0,0.67,0.04,0.25,-1,1.0,0.67,-0.26,0.25,-1,1.0,0.67,0.65,0.25
9,0,-1,-0.99,-0.67,0.02,0.14,-1,1.0,-0.67,0.5,0.14,-1,-0.99,-0.67,-0.79,0.14
9,0,-1,-1.0,0.0,-0.27,0.0,-1,0.99,0.0,-0.39,0.0,-1,-1.0,0.0,-0.29,0.0
9,0,-1,1.0,0.0,0.37,0.0,-1,-0.99,0.0,0.01,0.3,-1,1.0,0.33,0.67,0.0
9,0,-1,1.0,0.67,0.92,0.25,-1,1.0,0.67,-0.81,0.25,-1,1.0,0.67,0.28,0.25
9,0,-1,-1.0,-0.67,0.64,0.5,-1,-0.91,-0.67,0.5,0.5,-1,-1.0,-0.33,0.47,0.5
9,0,-1,-1.0,0.0,-0.44,0.0,-1,1.0,0.0,0.4,0.0,-1,-1.0,0.0,-0.25,0.0
9,0,-1,1.0,0.0,0.9,0.0,-1,0.99,0.0,-0.04,0.3,-1,1.0,0.33,0.08,0.0
9,0,-1,1.0,0.67,-0.65,0.25,-1,1.0,0.67,0.41,0.25,-1,1.0,0.67,-0.81,0.25
9,0,-1,1.0,0.0,-0.83,0.0,-1,0.69,0.0,-0.74,0.0,-1,1.0,0.33,-0.7,0.0
9,0,-1,-0.96,-0.67,-0.76,0.0,-1,1.0,0.0,-0.88,0.0,-1,-0.96,0.0,-0.74,0.0
9,0,-1,1.0,0.0,-0.65,0.0,-1,-0.99,1.0,-0.43,0.0,-1,1.0,1.0,-0.28,0.0
9,0,-1,0.99,0.0,0.48,0.5,-1,1.0,0.0,0.55,0.5,-1,0.99,0.0,-0.89,0.5
9,0,-1,1.0,0.0,0.11,0.0,-1,0.99,0.0,-0.83,0.0,-1,1.0,0.33,-0.69,0.5
9,0,-1,0.99,0.0,-0.93,0.5,-1,1.0,0.0,0.09,0.5,-1,0.99,0.0,0.13,0.5
9,0,-1,1.0,0.0,-0.82,0.0,-1,-0.99,0.0,-0.29,0.0,-1,1.0,0.0,-0.52,0.0
9,0,-1,-1.0,1.0,-0.56,0.0,-1,1.0,0.67,0.52,0.0,-1,-1.0,-1.0,0.73,0.2
9,0,-1,0.98,0.0,0.09,0.0,-1,1.0,0.33,0.99,0.0,-1,0.98,0.33,0.15,0.0
9,0,-1,-1.0,0.0,-0.45,0.0,-1,1.0,-0.33,0.18,0.0,-1,-1.0,-0.67,-0.93,0.0
9,0,-1,1.0,0.0,0.11,0.0,-1,-0.98,0.0,0.0,0.0,-1,1.0,0.0,-0.02,0.0
9,0,-1,-1.0,0.33,0.03,0.0,-1,0.99,-0.67,0.43,0.0,-1,-1.0,-0.67,0.24,0.0
9,0,-1,1.0,0.0,-0.11,0.0,-1,-0.98,0.0,-0.75,0.05,-1,1.0,0.0,-0.71,0.0
9,0,-1,0.63,0.67,-0.33,0.01,-1,1.0,0.67,0.09,0.01,-1,0.63,0.0,0.03,0.01
9,0,-1,1.0,0.0,0.67,0.0,-1,-0.99,0.0,0.69,0.0,-1,1.0,0.0,-0.45,0.0
9,0,-1,-0.98,0.0,0.39,0.0,-1,1.0,-0.67,-0.39,0.0,-1,-0.98,-0.67,-0.45,0.0
9,0,-1,0.99,0.0,0.63,0.0,-1,0.99,0.0,-0.98,0.0,-1,0.99,0.0,-0.64,0.0
9,0,-1,-0.86,1.0,-0.75,0.0,-1,1.0,-0.33,0.85,0.1,-1,-0.86,-0.33,-0.71,0.1
9,0,-1,1.0,0.0,-0.87,0.0,-1,0.99,0.0,0.56,0.0,-1,1.0,0.0,-0.5,0.0
9,0,-1,0.65,0.0,0.15,0.25,-1,1.0,-0.67,0.15,0.25,-1,0.65,0.0,-0.57,0.25
9,0,-1,1.0,0.0,-0.5,0.0,-1,1.0,0.0,0.48,0.0,-1,1.0,0.0,-0.47,0.0
9,0,-1,-0.99,-0.67,-0.27,0.0,-1,1.0,-0.67,-0.06,0.0,-1,-0.99,-0.67,0.92,0.0
9,0,-1,1.0,0.0,-0.92,0.0,-1,0.96,0.0,0.04,0.0,-1,1.0,0.0,-0.0,0.0
9,0,-1,1.0,0.67,-0.85,0.2,-1,1.0,0.67,0.43,0.0,-1,1.0,1.0,0.14,0.0
10,0,-1,1.0,0.0,-0.16,0.0,-1,1.0,0.0,0.63,0.0,-1,1.0,0.0,0.52,0.0
10,0,-1,1.0,0.67,0.93,0.4,-1,1.0,0.67,0.08,0.4,-1,1.0,0.67,-0.33,0.4
10,0,-1,-1.0,-0.67,-0.11,0.1,-1,-0.99,-0.67,-0.93,0.1,-1,-1.0,-0.67,0.54,0.1
10,0,-1,-1.0,0.0,0.19,0.0,-1,1.0,0.0,0.95,0.0,-1,-1.0,0.0,-0.07,0.0
10,0,-1,0.59,0.0,0.92,0.0,-1,0.99,0.0,0.11,0.0,-1,0.59,0.0,-0.25,0.0
10,0,-1,-1.0,0.0,0.41,0.0,-1,1.0,0.0,-0.78,0.0,-1,-1.0,0.0,-0.17,0.0
10,0,-1,0.56,0.0,0.77,0.0,-1,-0.8,0.0,0.24,0.0,-1,0.56,0.33,-0.54,0.0
10,0,-1,-1.0,0.0,-0.22,0.0,-1,1.0,0.0,-0.84,0.0,-1,-1.0,0.0,-0.39,0.0
10,0,-1,1.0,0.0,0.23,0.0,-1,1.0,0.0,0.18,0.3,-1,1.0,0.33,0.79,0.0
10,0,-1,1.0,0.67,-0.51,0.25,-1,1.0,0.67,-0.02,0.25,-1,1.0,0.67,0.36,0.25
10,0,-1,-0.99,0.0,-1.0,0.0,-1,-0.84,0.0,-0.71,0.0,-1,-0.99,0.33,-0.74,0.0
10,0,-1,-1.0,0.0,0.25,0.0,-1,1.0,0.0,0.96,0.0,-1,-1.0,0.0,0.19,0.0
10,0,-1,1.0,0.0,0.61,0.0,-1,0.99,0.0,-0.13,0.3,-1,1.0,0.33,0.73,0.0
10,0,-1,1.0,0.67,-0.49,0.25,-1,1.0,0.67,-0.64,0.25,-1,1.0,0.67,-0.95,0.25
10,0,-1,1.0,0.0,0.91,0.0,-1,-0.99,0.0,0.41,0.0,-1,1.0,0.33,-0.47,0.0
10,0,-1,-0.96,-0.67,-0.33,0.0,-1,1.0,0.0,0.13,0.0,-1,-0.96,0.0,-0.08,0.0
10,0,-1,1.0,0.0,0.68,0.0,-1,1.0,1.0,0.58,0.0,-1,1.0,1.0,0.89,0.0
10,0,-1,0.99,0.0,-0.29,0.5,-1,1.0,0.0,0.47,0.5,-1,0.99,0.0,0.62,0.5
10,0,-1,1.0,0.0,-0.84,0.0,-1,-0.99,0.0,0.86,0.0,-1,1.0,0.33,-0.29,0.5
10,0,-1,0.99,0.0,0.03,0.5,-1,1.0,0.0,-0.47,0.5,-1,0.99,0.0,0.9,0.5
10,0,-1,1.0,0.0,-0.52,0.0,-1,0.99,0.0,0.89,0.0,-1,1.0,0.0,0.75,0.0
10,0,-1,-1.0,1.0,-0.67,0.0,-1,1.0,0.67,0.53,0.0,-1,-1.0,-1.0,0.46,0.2
10,0,-1,0.98,0.0,-0.72,0.0,-1,0.99,0.33,-0.71,0.0,-1,0.98,0.33,-0.26,0.0
10,0,-1,-1.0,0.0,0.2,0.0,-1,1.0,-0.33,0.13,0.0,-1,-1.0,-0.67,-0.83,0.0
10,0,-1,1.0,0.0,0.35,0.0,-1,0.99,0.0,-0.55,0.0,-1,1.0,0.0,0.66,0.0
10,0,-1,-1.0,0.33,-0.78,0.0,-1,1.0,-0.67,-0.17,0.0,-1,-1.0,-0.67,-0.26,0.0
10,0,-1,1.0,0.0,0.73,0.0,-1,-0.8,0.0,0.59,0.05,-1,1.0,0.0,-0.83,0.0
10,0,-1,0.63,0.67,0.45,0.01,-1,1.0,0.67,-0.46,0.01,-1,0.63,0.0,-0.76,0.01
10,0,-1,1.0,0.0,-0.34,0.0,-1,1.0,0.0,0.9,0.0,-1,1.0,0.0,-0.76,0.0
10,0,-1,-0.98,0.0,0.37,0.0,-1,0.99,-0.67,0.33,0.0,-1,-0.98,-0.67,-0.76,0.0
10,0,-1,0.99,0.0,-0.81,0.0,-1,-0.99,0.0,0.46,0.0,-1,0.99,0.0,-0.2,0.0
10,0,-1,-0.86,1.0,0.21,0.0,-1,1.0,-0.33,0.88,0.1,-1,-0.86,-0.33,-0.93,0.1
10,0,-1,1.0,0.0,0.51,0.0,-1,0.99,0.0,-0.59,0.0,-1,1.0,0.0,0.49,0.0
10,0,-1,0.65,0.0,-0.1,0.25,-1,0.99,-0.67,-0.18,0.25,-1,0.65,0.0,-0.39,0.25
10,0,-1,1.0,0.0,0.87,0.0,-1,-0.99,0.0,0.96,0.0,-1,1.0,0.0,0.67,0.0
10,0,-1,-0.99,-0.67,0.89,0.0,-1,1.0,-0.67,0.58,0.0,-1,-0.99,-0.67,-0.99,0.0
10,0,-1,1.0,0.0,-0.19,0.0,-1,0.99,0.0,-1.0,0.0,-1,1.0,0.0,0.66,0.0
10,0,-1,1.0,0.67,0.51,0.2,-1,0.99,0.67,-0.02,0.0,-1,1.0,1.0,0.57,0.0
11,0,-1,1.0,0.0,0.31,0.0,-1,0.99,0.0,0.44,0.0,-1,1.0,0.0,0.66,0.0
11,0,-1,1.0,0.67,-0.81,0.4,-1,1.0,0.67,0.12,0.4,-1,1.0,0.67,0.95,0.4
11,0,-1,0.94,0.0,0.67,0.0,-1,1.0,0.0,-0.2,0.0,-1,0.94,0.33,0.9,0.0
11,0,-1,-1.0,0.0,0.81,0.0,-1,1.0,0.0,-0.63,0.0,-1,-1.0,0.0,0.59,0.0
11,0,-1,1.0,0.0,0.67,0.0,-1,0.96,0.0,0.23,0.3,-1,1.0,0.33,0.57,0.0
11,0,-1,1.0,0.67,-0.33,0.25,-1,1.0,0.67,-0.27,0.25,-1,1.0,0.67,0.12,0.25
11,0,-1,0.95,0.0,-0.99,0.0,-1,1.0,-0.67,0.56,0.0,-1,0.95,0.33,0.14,0.0
11,0,-1,-1.0,0.0,0.56,0.0,-1,0.99,0.0,-0.59,0.0,-1,-1.0,0.0,0.32,0.0
11,0,-1,1.0,0.0,0.11,0.0,-1,-0.99,0.0,-0.39,0.3,-1,1.0,0.33,-0.63,0.0
11,0,-1,1.0,0.67,-0.23,0.25,-1,1.0,0.67,0.19,0.25,-1,1.0,0.67,0.71,0.25
11,0,-1,1.0,0.0,0.7,0.0,-1,1.0,0.0,0.15,0.0,-1,1.0,0.33,-0.56,0.0
11,0,-1,-0.96,-0.67,0.91,0.0,-1,1.0,0.0,-0.94,0.0,-1,-0.96,0.0,-0.32,0.0
11,0,-1,1.0,0.0,0.34,0.0,-1,-0.8,1.0,0.22,0.0,-1,1.0,1.0,-0.31,0.0
11,0,-1,0.99,0.0,0.77,0.5,-1,1.0,0.0,-0.83,0.5,-1,0.99,0.0,-0.06,0.5
11,0,-1,1.0,0.0,-0.11,0.0,-1,1.0,0.0,-0.25,0.0,-1,1.0,0.33,-0.46,0.5
11,0,-1,0.99,0.0,-0.2,0.5,-1,1.0,0.0,-0.26,0.5,-1,0.99,0.0,-0.47,0.5
11,0,-1,1.0,0.0,0.07,0.0,-1,-0.84,0.0,-0.49,0.0,-1,1.0,0.0,-0.47,0.0
11,0,-1,-1.0,1.0,0.55,0.0,-1,1.0,0.67,0.1,0.0,-1,-1.0,-1.0,-0.54,0.2
11,0,-1,0.98,0.0,-0.26,0.0,-1,1.0,0.33,0.09,0.0,-1,0.98,0.33,-0.11,0.0
11,0,-1,-1.0,0.0,-0.99,0.0,-1,1.0,-0.33,-0.95,0.0,-1,-1.0,-0.67,0.91,0.0
11,0,-1,1.0,0.0,-0.3,0.0,-1,-0.84,0.0,-0.16,0.0,-1,1.0,0.0,-0.86,0.0
11,0,-1,-1.0,0.33,-0.02,0.0,-1,1.0,-0.67,0.04,0.0,-1,-1.0,-0.67,0.34,0.0
11,0,-1,1.0,0.0,-0.23,0.0,-1,1.0,0.0,-0.98,0.05,-1,1.0,0.0,0.82,0.0
11,0,-1,0.63,0.67,0.65,0.01,-1,1.0,0.67,0.57,0.01,-1,0.63,0.0,-0.02,0.01
11,0,-1,1.0,0.0,-0.65,0.0,-1,-0.99,0.0,0.68,0.0,-1,1.0,0.0,0.41,0.0
11,0,-1,-0.98,0.0,0.81,0.0,-1,1.0,-0.67,-0.21,0.0,-1,-0.98,-0.67,-0.87,0.0
11,0,-1,0.99,0.0,-0.13,0.0,-1,1.0,0.0,-0.52,0.0,-1,0.99,0.0,-0.26,0.0
11,0,-1,-0.86,1.0,-0.29,0.0,-1,1.0,-0.33,0.16,0.1,-1,-0.86,-0.33,0.92,0.1
11,0,-1,1.0,0.0,-0.97,0.0,-1,-0.99,0.0,0.22,0.0,-1,1.0,0.0,-0.15,0.0
11,0,-1,0.65,0.0,-0.16,0.25,-1,1.0,-0.67,0.54,0.25,-1,0.65,0.0,-0.88,0.25
11,0,-1,1.0,0.0,-0.05,0.0,-1,0.99,0.0,0.01,0.0,-1,1.0,0.0,0.78,0.0
11,0,-1,-0.99,-0.67,0.06,0.0,-1,1.0,-0.67,-0.81,0.0,-1,-0.99,-0.67,0.95,0.0
11,0,-1,1.0,0.0,0.61,0.0,-1,0.99,0.0,-0.64,0.0,-1,1.0,0.0,0.76,0.0
11,0,-1,1.0,0.67,-0.36,0.2,-1,1.0,0.67,-0.47,0.0,-1,1.0,1.0,-0.51,0.0
12,1,-1,1.0,0.0,-0.87,0.0,-1,1.0,0.0,0.76,0.0,-1,1.0,0.0,-0.41,0.0
12,1,-1,1.0,0.67,0.52,0.4,-1,1.0,0.67,0.88,0.4,-1,1.0,0.67,-0.61,0.4
12,1,-1,0.73,0.0,0.75,0.0,-1,-0.8,0.0,-0.23,0.0,-1,0.73,0.33,-0.5,0.0
12,1,-1,-1.0,0.0,0.89,0.0,-1,1.0,0.0,-0.49,0.0,-1,-1.0,0.0,0.61,0.0
12,1,-1,1.0,0.0,-0.56,0.0,-1,1.0,0.0,0.91,0.0,-1,1.0,0.0,-0.68,0.0
12,1,-1,1.0,0.67,0.43,0.25,-1,1.0,0.67,0.66,0.25,-1,1.0,0.67,0.84,0.25
12,1,-1,-0.96,0.0,-0.47,0.0,-1,-0.99,0.0,-0.42,0.0,-1,-0.96,0.0,0.91,0.0
12,1,-1,-1.0,0.0,0.27,0.0,-1,1.0,0.0,-0.07,0.0,-1,-1.0,0.0,0.36,0.0
12,1,-1,1.0,0.0,0.36,0.0,-1,1.0,0.0,0.95,0.0,-1,1.0,0.0,1.0,0.0
12,1,-1,1.0,0.67,0.99,0.25,-1,1.0,0.67,0.2,0.25,-1,1.0,0.67,0.58,0.25
12,1,-1,-0.99,-0.67,-0.7,0.0,-1,-0.99,-0.67,-0.86,0.0,-1,-0.99,0.33,-0.33,0.0
12,1,-1,-1.0,0.0,-0.41,0.0,-1,1.0,0.0,0.48,0.0,-1,-1.0,0.0,-0.59,0.0
12,1,-1,1.0,0.0,-0.05,0.0,-1,1.0,0.0,-0.58,0.0,-1,1.0,0.0,-0.57,0.0
12,1,-1,1.0,0.67,0.37,0.25,-1,1.0,0.67,-0.67,0.25,-1,1.0,0.67,0.27,0.25
12,1,-1,1.0,0.0,0.8,0.0,-1,-0.99,0.0,0.2,0.0,-1,1.0,0.0,0.55,0.0
12,1,-1,-0.96,-0.67,-0.09,0.0,-1,1.0,0.0,-0.42,0.0,-1,-0.96,0.0,0.12,0.0
12,1,-1,-0.93,0.0,-0.63,0.0,-1,1.0,0.0,-0.76,0.0,-1,-0.93,0.0,-0.25,0.0
12,1,-1,-0.99,0.0,0.5,-0.17,-1,1.0,0.0,0.76,-0.15,-1,-0.99,0.0,0.7,-0.17
12,1,-1,0.97,0.0,0.82,0.0,-1,0.99,0.0,-0.49,0.0,-1,0.97,0.0,-0.47,0.0
12,1,-1,1.0,0.67,-0.29,0.2,-1,1.0,0.67,-0.66,0.0,-1,1.0,1.0,-0.74,0.0
13,1,-1,1.0,0.0,-0.28,0.0,-1,1.0,0.0,-0.7,0.0,-1,1.0,0.0,0.93,0.0
13,1,-1,1.0,0.67,0.71,0.4,-1,1.0,0.67,-0.33,0.4,-1,1.0,0.67,0.21,0.4
13,1,-1,0.95,0.0,-0.44,0.0,-1,0.99,0.0,-0.5,0.0,-1,0.95,0.0,-0.36,0.0
13,1,-1,-0.99,-0.33,-0.05,0.0,-1,1.0,0.67,0.02,0.0,-1,-0.99,-0.33,-1.0,0.0
13,1,-1,0.99,-0.67,-0.92,0.0,-1,1.0,-0.67,0.52,0.0,-1,0.99,0.0,0.62,0.0
13,1,-1,-1.0,0.0,-0.4,0.0,-1,1.0,0.0,0.24,0.0,-1,-1.0,0.0,0.93,0.0
13,1,-1,1.0,0.0,-0.19,0.0,-1,-0.99,0.0,-0.63,0.0,-1,1.0,0.0,-0.35,0.0
13,1,-1,1.0,0.67,-0.73,0.25,-1,1.0,0.67,0.8,0.25,-1,1.0,0.67,-0.32,0.25
13,1,-1,0.97,-0.67,0.96,0.0,-1,1.0,-0.67,0.22,0.0,-1,0.97,-0.67,0.68,0.0
13,1,-1,-1.0,0.0,-0.81,0.0,-1,1.0,0.0,0.19,0.0,-1,-1.0,0.0,0.97,0.0
13,1,-1,1.0,0.0,-0.24,0.0,-1,-0.99,0.0,-0.42,0.0,-1,1.0,0.0,-0.9,0.0
13,1,-1,1.0,0.67,0.94,0.25,-1,1.0,0.67,0.94,0.25,-1,1.0,0.67,-0.49,0.25
13,1,-1,1.0,0.0,-0.2,0.0,-1,-0.8,0.0,0.01,0.0,-1,1.0,0.0,0.31,0.0
13,1,-1,-0.96,-0.67,-0.78,0.0,-1,1.0,0.0,-0.54,0.0,-1,-0.96,0.0,0.75,0.0
13,1,-1,1.0,0.0,-0.07,0.0,-1,-0.99,0.0,0.34,0.0,-1,1.0,0.0,0.48,0.0
13,1,-1,0.99,0.0,-0.23,0.5,-1,1.0,0.0,0.76,0.5,-1,0.99,0.0,0.63,0.5
13,1,-1,1.0,0.0,0.54,0.0,-1,-0.84,0.0,-0.23,0.0,-1,1.0,0.0,-0.38,0.5
13,1,-1,0.99,0.0,0.76,0.5,-1,1.0,0.0,-0.0,0.5,-1,0.99,0.0,0.4,0.5
13,1,-1,1.0,0.0,0.76,0.0,-1,1.0,0.0,-0.14,0.0,-1,1.0,0.0,-0.84,0.0
13,1,-1,-1.0,1.0,-0.62,0.0,-1,1.0,0.67,0.78,0.0,-1,-1.0,-1.0,-0.2,0.2
13,1,-1,0.98,0.0,0.98,0.0,-1,0.99,0.0,-0.13,0.0,-1,0.98,0.0,0.66,0.0
13,1,-1,-1.0,0.0,0.61,0.0,-1,1.0,-0.33,-0.71,0.0,-1,-1.0,-0.67,-0.92,0.0
13,1,-1,1.0,0.0,-0.42,0.0,-1,0.99,0.0,-0.92,0.0,-1,1.0,0.0,0.16,0.0
13,1,-1,-1.0,0.33,-0.41,0.0,-1,1.0,-0.67,0.02,0.0,-1,-1.0,-0.67,-0.34,0.0
13,1,-1,1.0,0.0,-0.08,0.0,-1,0.99,0.0,0.11,0.05,-1,1.0,0.0,-0.31,0.05
13,1,-1,0.63,0.67,-0.44,0.01,-1,1.0,0.67,-0.74,0.01,-1,0.63,0.0,-0.12,0.01
13,1,-1,1.0,0.0,-0.74,0.0,-1,0.99,0.0,-0.01,0.0,-1,1.0,0.0,0.38,0.0
13,1,-1,-0.98,0.0,0.94,0.0,-1,1.0,-0.67,-0.22,0.0,-1,-0.98,-0.67,0.62,0.0
13,1,-1,0.98,0.0,-0.26,0.0,-1,-0.8,0.0,0.54,0.0,-1,0.98,0.0,0.7,0.0
13,1,-1,-0.86,1.0,-0.28,0.0,-1,1.0,-0.33,-0.02,0.1,-1,-0.86,-0.33,-0.47,0.1
13,1,-1,1.0,0.0,0.91,0.0,-1,1.0,0.0,0.17,0.0,-1,1.0,0.0,-0.49,0.0
13,1,-1,0.65,0.0,-0.2,0.25,-1,1.0,-0.67,-0.45,0.25,-1,0.65,0.0,-0.53,0.25
13,1,-1,1.0,0.0,0.1,0.0,-1,0.96,0.0,0.31,0.0,-1,1.0,0.0,0.15,0.0
13,1,-1,-0.99,-0.67,0.98,0.0,-1,1.0,-0.67,-0.62,0.0,-1,-0.99,-0.67,0.81,0.0
13,1,-1,1.0,0.0,0.03,0.0,-1,1.0,0.0,-0.69,0.0,-1,1.0,0.0,0.6,0.0
13,1,-1,1.0,0.67,0.3,0.2,-1,1.0,0.67,-0.77,0.0,-1,1.0,1.0,0.48,0.0
14,1,-1,1.0,0.0,-0.78,0.0,-1,-0.98,0.0,-0.32,0.0,-1,1.0,0.0,0.81,0.0
14,1,-1,1.0,0.67,0.18,0.4,-1,1.0,0.0,-0.73,0.4,-1,1.0,0.67,0.49,0.4
14,1,-1,0.92,0.0,0.5,0.0,-1,1.0,0.0,0.23,0.0,-1,0.92,0.33,0.3,0.0
14,1,-1,-0.99,0.0,0.17,0.0,-1,1.0,0.0,0.65,0.0,-1,-0.99,0.0,0.34,0.0
14,1,-1,1.0,0.0,0.74,0.0,-1,0.91,0.0,0.51,0.0,-1,1.0,0.0,-0.87,0.0
14,1,-1,1.0,0.67,0.83,0.25,-1,1.0,0.67,0.65,0.25,-1,1.0,0.67,-0.68,0.25
14,1,-1,-1.0,0.0,0.14,0.2,-1,0.99,0.0,0.16,0.2,-1,-1.0,-0.67,0.89,0.2
14,1,-1,-1.0,0.33,-0.14,0.03,-1,1.0,0.33,0.95,0.03,-1,-1.0,0.33,-0.4,0.03
14,1,-1,1.0,0.0,0.89,0.0,-1,-0.99,0.0,-0.72,0.0,-1,1.0,0.0,0.36,0.0
14,1,-1,-0.96,-0.67,-0.72,0.0,-1,1.0,0.0,-0.45,0.0,-1,-0.96,0.0,-0.59,0.0
14,1,-1,-0.93,0.0,-0.45,0.0,-1,1.0,0.0,-0.65,0.0,-1,-0.93,0.0,-0.95,0.0
14,1,-1,0.5,0.0,-0.85,0.0,-1,1.0,0.33,-0.06,0.03,-1,0.5,-0.67,-0.87,0.0
14,1,-1,0.97,0.0,-0.61,0.0,-1,0.88,0.0,0.98,0.0,-1,0.97,0.0,0.93,0.0
14,1,-1,1.0,0.67,-0.35,0.2,-1,1.0,0.67,0.71,0.0,-1,1.0,1.0,0.12,0.0
15,1,-1,1.0,0.0,0.92,0.0,-1,0.99,0.0,-0.89,0.0,-1,1.0,0.0,0.2,0.0
15,1,-1,1.0,0.67,0.32,0.4,-1,1.0,0.0,0.89,0.4,-1,1.0,0.67,-0.82,0.4
15,1,-1,-0.59,0.0,-0.62,0.0,-1,0.99,0.0,-0.19,0.0,-1,-0.59,0.0,-0.93,0.14
15,1,-1,-1.0,-0.33,-0.18,0.37,-1,1.0,-0.67,0.13,0.47,-1,-1.0,0.33,-0.84,0.42
15,1,-1,1.0,0.0,0.51,0.0,-1,1.0,0.0,-0.96,0.0,-1,1.0,0.0,0.85,0.0
15,1,-1,1.0,0.67,0.23,0.25,-1,1.0,0.67,-0.4,0.25,-1,1.0,0.67,0.73,0.25
15,1,-1,-1.0,0.0,0.59,0.2,-1,0.69,0.0,-0.28,0.2,-1,-1.0,-0.67,-0.77,0.2
15,1,-1,-1.0,0.33,-0.27,0.03,-1,1.0,0.33,-0.97,0.03,-1,-1.0,0.33,-0.8,0.03
15,1,-1,0.96,0.0,-0.04,0.0,-1,1.0,0.0,-0.82,0.0,-1,0.96,0.0,-0.75,0.0
15,1,-1,-0.85,1.0,0.19,0.15,-1,0.96,0.67,0.47,0.15,-1,-0.85,1.0,0.12,0.2
15,1,-1,1.0,0.0,-0.97,0.0,-1,1.0,0.0,0.58,0.0,-1,1.0,0.0,-0.06,0.0
15,1,-1,1.0,0.67,0.31,0.25,-1,0.96,0.67,-0.46,0.25,-1,1.0,0.67,-0.89,0.25
15,1,-1,0.63,0.0,-0.32,0.0,-1,1.0,0.0,0.27,0.0,-1,0.63,0.0,-0.17,0.0
15,1,-1,0.93,-0.67,-0.71,0.0,-1,0.98,-0.67,0.89,0.0,-1,0.93,-0.67,-0.19,0.0
15,1,-1,1.0,0.0,-0.87,0.0,-1,1.0,0.0,0.74,0.0,-1,1.0,0.0,0.8,0.0
15,1,-1,-0.96,-0.67,-0.55,0.0,-1,0.99,0.0,-0.83,0.0,-1,-0.96,0.0,0.85,0.0
15,1,-1,-0.93,0.0,0.48,0.0,-1,-0.99,0.0,0.14,0.0,-1,-0.93,0.0,-0.9,0.0
15,1,-1,0.5,0.0,-0.93,0.0,-1,1.0,0.33,-0.23,0.03,-1,0.5,-0.67,-0.12,0.0
15,1,-1,0.97,0.0,-0.5,0.0,-1,0.99,0.0,0.06,0.0,-1,0.97,0.0,0.67,0.0
15,1,-1,1.0,0.67,0.59,0.2,-1,0.99,0.67,0.4,0.0,-1,1.0,1.0,-0.77,0.0
16,1,-1,1.0,0.0,0.16,0.0,-1,-0.98,0.0,-0.38,0.0,-1,1.0,0.0,-0.8,0.0
16,1,-1,1.0,0.67,-0.45,0.4,-1,1.0,0.0,0.79,0.4,-1,1.0,0.67,-0.06,0.4
16,1,-1,0.92,0.0,0.39,0.0,-1,1.0,0.0,-0.92,0.0,-1,0.92,0.33,-0.58,0.0
16,1,-1,-0.99,0.0,-0.83,0.0,-1,0.99,0.0,-0.21,0.0,-1,-0.99,0.0,-0.13,0.0
16,1,-1,1.0,0.0,0.19,0.0,-1,0.99,0.0,0.84,0.0,-1,1.0,0.0,0.17,0.0
16,1,-1,1.0,0.67,-0.1,0.25,-1,0.99,0.67,-0.21,0.25,-1,1.0,0.67,-0.78,0.25
16,1,-1,-1.0,0.0,-0.38,0.2,-1,0.99,0.0,-0.42,0.2,-1,-1.0,-0.67,-0.84,0.2
16,1,-1,-1.0,1.0,0.78,0.03,-1,1.0,0.33,-0.52,0.03,-1,-1.0,1.0,0.78,0.03
16,1,-1,1.0,0.0,0.54,0.0,-1,1.0,0.0,0.18,0.0,-1,1.0,0.0,0.62,0.0
16,1,-1,1.0,0.67,-0.57,0.25,-1,1.0,0.67,-0.83,0.25,-1,1.0,0.67,0.15,0.25
16,1,-1,-0.59,0.0,0.23,0.0,-1,-0.98,0.0,-0.82,0.0,-1,-0.59,0.0,0.59,0.14
16,1,-1,-1.0,-0.33,-0.24,0.37,-1,1.0,-0.67,0.63,0.47,-1,-1.0,0.33,-0.41,0.37
16,1,-1,1.0,0.0,0.28,0.0,-1,1.0,0.0,-0.84,0.0,-1,1.0,0.0,0.43,0.0
16,1,-1,1.0,0.67,-0.09,0.25,-1,1.0,0.67,0.4,0.25,-1,1.0,0.67,0.53,0.25
16,1,-1,-1.0,-0.67,0.53,0.0,-1,-0.98,-0.67,0.76,0.0,-1,-1.0,-0.67,0.63,0.17
16,1,-1,-1.0,-1.0,0.14,0.05,-1,1.0,-0.33,-0.98,0.05,-1,-1.0,0.0,-0.1,0.05
16,1,-1,1.0,0.0,-0.37,0.0,-1,0.91,0.0,0.02,0.0,-1,1.0,0.0,0.57,0.0
16,1,-1,1.0,0.67,0.65,0.25,-1,1.0,0.67,0.45,0.25,-1,1.0,0.67,-0.32,0.25
16,1,-1,0.92,0.0,-0.03,0.0,-1,0.99,0.0,-0.3,0.0,-1,0.92,0.0,0.69,0.0
16,1,-1,0.74,-0.67,-0.78,0.0,-1,1.0,0.0,-0.51,0.0,-1,0.74,-0.67,-0.95,0.0
16,1,-1,1.0,0.0,0.82,0.0,-1,0.88,0.0,-0.52,0.0,-1,1.0,0.0,0.13,0.0
16,1,-1,1.0,0.67,-0.6,0.25,-1,1.0,0.67,-0.34,0.25,-1,1.0,0.67,-0.03,0.25
16,1,-1,-0.93,-0.67,-0.57,0.0,-1,1.0,0.0,-0.27,0.0,-1,-0.93,-0.67,0.98,0.0
16,1,-1,-1.0,-1.0,0.29,0.0,-1,1.0,-0.67,-0.44,0.0,-1,-1.0,-1.0,-0.3,0.0
16,1,-1,1.0,0.0,-0.43,0.0,-1,-0.99,0.0,0.26,0.0,-1,1.0,0.0,-0.34,0.0
16,1,-1,1.0,0.67,-0.17,0.25,-1,1.0,0.67,0.42,0.25,-1,1.0,0.67,-0.11,0.25
16,1,-1,-0.93,-0.67,0.85,0.0,-1,1.0,0.0,-0.37,0.0,-1,-0.93,-0.67,-0.14,0.0
16,1,-1,-1.0,-1.0,-0.34,0.0,-1,1.0,-0.67,-0.06,0.0,-1,-1.0,-1.0,-0.87,0.0
16,1,-1,1.0,0.0,-0.53,0.0,-1,0.96,0.0,-0.37,0.0,-1,1.0,0.0,0.19,0.0
16,1,-1,1.0,0.67,-0.7,0.25,-1,1.0,0.67,0.87,0.25,-1,1.0,0.67,-0.27,0.25
16,1,-1,-0.91,0.0,0.36,0.0,-1,1.0,0.0,0.15,0.0,-1,-0.91,-0.67,-0.43,0.2
16,1,-1,-0.99,-0.33,0.5,-0.17,-1,0.99,-0.33,-0.55,-0.17,-1,-0.99,-0.33,0.2,-0.17
16,1,-1,1.0,0.0,-0.47,0.0,-1,-0.99,0.0,-0.44,0.0,-1,1.0,0.0,0.2,0.0
16,1,-1,1.0,0.67,0.71,0.25,-1,1.0,0.67,0.09,0.25,-1,1.0,0.67,0.79,0.25
16,1,-1,-0.96,0.0,-0.43,0.0,-1,1.0,0.0,0.55,0.0,-1,-0.96,-0.67,-0.73,0.0
16,1,-1,-1.0,-1.0,0.7,-0.5,-1,1.0,-1.0,-0.7,-0.5,-1,-1.0,0.33,0.74,-0.5
16,1,-1,-0.69,0.0,-0.44,0.0,-1,-0.8,0.0,-0.01,0.0,-1,-0.69,0.0,-0.58,0.0
16,1,-1,-1.0,-1.0,0.97,-0.5,-1,1.0,-1.0,0.63,-0.5,-1,-1.0,0.33,0.31,-0.5
16,1,-1,0.97,0.0,0.13,0.0,-1,1.0,0.0,0.67,0.0,-1,0.97,-0.67,0.56,0.0
16,1,-1,-1.0,-1.0,-0.36,-0.5,-1,1.0,-1.0,0.86,-0.5,-1,-1.0,0.33,0.36,-0.5
16,1,-1,1.0,0.0,0.13,0.0,-1,-0.99,0.0,0.31,0.0,-1,1.0,0.0,0.18,0.0
16,1,-1,-0.96,-0.67,-0.03,0.0,-1,1.0,0.0,-0.14,0.0,-1,-0.96,0.0,-0.8,0.0
16,1,-1,1.0,0.0,0.38,0.0,-1,0.99,0.0,0.59,0.0,-1,1.0,0.0,-0.82,0.0
16,1,-1,0.99,0.0,0.92,0.5,-1,1.0,0.0,0.29,0.5,-1,0.99,0.0,-0.76,0.5
16,1,-1,1.0,0.0,-0.74,0.0,-1,-0.84,0.0,0.22,0.0,-1,1.0,0.0,-0.5,0.5
16,1,-1,0.99,0.0,-0.83,0.5,-1,1.0,0.0,0.24,0.5,-1,0.99,0.0,-0.57,0.5
16,1,-1,1.0,0.0,-0.22,0.0,-1,1.0,0.0,-0.5,0.0,-1,1.0,0.0,-0.47,0.0
16,1,-1,-1.0,1.0,-0.66,0.0,-1,0.99,0.67,0.02,0.0,-1,-1.0,-1.0,0.55,0.2
16,1,-1,0.98,0.0,-0.23,0.0,-1,-0.75,0.0,-0.87,0.0,-1,0.98,0.0,0.06,0.0
16,1,-1,-1.0,0.0,0.32,0.0,-1,0.98,-0.33,-0.14,0.0,-1,-1.0,-0.67,0.31,0.0
16,1,-1,1.0,0.0,0.03,0.0,-1,0.99,0.0,0.64,0.0,-1,1.0,0.0,-0.51,0.0
16,1,-1,-1.0,0.33,-0.08,0.0,-1,0.98,-0.67,0.43,0.0,-1,-1.0,-0.67,-0.7,0.0
16,1,-1,1.0,0.0,0.66,0.0,-1,0.99,0.0,-0.26,0.05,-1,1.0,0.0,-0.68,0.05
16,1,-1,0.63,0.67,0.25,0.01,-1,1.0,0.67,-0.95,0.01,-1,0.63,0.0,-0.75,0.01
16,1,-1,1.0,0.0,-0.45,0.0,-1,0.99,0.0,-0.41,0.0,-1,1.0,0.0,-0.57,0.0
16,1,-1,-0.98,0.0,-0.94,0.0,-1,0.99,-0.67,0.78,0.0,-1,-0.98,-0.67,0.35,0.0
16,1,-1,0.98,0.0,0.39,0.0,-1,-0.99,0.0,-0.35,0.0,-1,0.98,0.0,-0.12,0.0
16,1,-1,-0.86,1.0,-0.36,0.0,-1,1.0,-0.33,0.29,0.1,-1,-0.86,-0.33,-0.68,0.1
16,1,-1,1.0,0.0,0.42,0.0,-1,1.0,0.0,-0.02,0.0,-1,1.0,0.0,-0.91,0.0
16,1,-1,0.65,0.0,-0.42,0.25,-1,0.99,-0.67,0.47,0.25,-1,0.65,0.0,0.33,0.25
16,1,-1,1.0,0.0,-0.81,0.0,-1,-0.99,0.0,0.42,0.0,-1,1.0,0.0,-0.06,0.0
16,1,-1,-0.99,-0.67,-0.33,0.0,-1,1.0,-0.67,0.22,0.0,-1,-0.99,-0.67,0.57,0.0
16,1,-1,1.0,0.0,-0.87,0.0,-1,0.99,0.0,-0.06,0.0,-1,1.0,0.0,0.28,0.0
16,1,-1,1.0,0.67,0.28,0.2,-1,1.0,0.67,0.58,0.0,-1,1.0,1.0,0.72,0.0
17,1,-1,1.0,0.0,-0.73,0.0,-1,0.99,0.0,0.27,0.0,-1,1.0,0.0,-0.4,0.0
17,1,-1,1.0,0.67,-0.66,0.4,-1,1.0,0.0,0.06,0.4,-1,1.0,0.67,0.26,0.4
17,1,-1,0.92,0.0,0.61,0.0,-1,1.0,0.0,0.61,0.0,-1,0.92,0.33,0.02,0.0
17,1,-1,-0.99,0.0,-0.47,0.0,-1,1.0,0.0,-0.13,0.0,-1,-0.99,0.0,-0.46,0.0
17,1,-1,1.0,0.0,0.15,0.0,-1,-0.8,0.0,-0.84,0.0,-1,1.0,0.0,0.18,0.0
17,1,-1,1.0,0.67,-0.6,0.25,-1,1.0,0.67,-0.68,0.25,-1,1.0,0.67,-0.39,0.25
17,1,-1,-1.0,0.0,-1.0,0.2,-1,0.99,0.0,0.77,0.2,-1,-1.0,-0.67,0.95,0.2
17,1,-1,-1.0,0.33,0.25,0.03,-1,0.99,0.33,0.51,0.03,-1,-1.0,0.33,-0.27,0.03
17,1,-1,-0.59,0.0,0.88,0.0,-1,-0.99,0.0,0.12,0.0,-1,-0.59,0.0,-0.73,0.14
17,1,-1,-1.0,-0.33,-0.52,0.37,-1,1.0,-0.67,0.56,0.47,-1,-1.0,0.33,0.65,0.37
17,1,-1,1.0,0.0,0.12,0.0,-1,0.99,0.0,-0.98,0.0,-1,1.0,0.0,0.95,0.0
17,1,-1,1.0,0.67,1.0,0.25,-1,0.99,0.67,-0.75,0.25,-1,1.0,0.67,0.95,0.25
17,1,-1,0.92,0.0,-0.94,0.0,-1,-0.99,0.0,0.49,0.0,-1,0.92,0.0,0.51,0.0
17,1,-1,0.93,-0.67,0.32,0.0,-1,1.0,-0.67,-0.81,0.0,-1,0.93,-0.67,-0.18,0.0
17,1,-1,-0.93,-0.67,0.77,0.0,-1,1.0,0.0,-0.43,0.0,-1,-0.93,-0.67,-0.03,0.0
17,1,-1,-1.0,-1.0,0.21,0.0,-1,1.0,-0.67,0.33,0.0,-1,-1.0,-1.0,0.14,0.0
17,1,-1,1.0,0.0,-0.11,0.0,-1,-0.98,0.0,0.56,0.0,-1,1.0,0.0,-0.77,0.0
17,1,-1,1.0,0.67,-0.72,0.25,-1,-1.0,0.67,-0.51,0.25,-1,1.0,0.67,0.35,0.25
17,1,-1,1.0,0.0,0.83,0.0,-1,0.96,0.0,0.53,0.0,-1,1.0,0.0,-0.41,0.0
17,1,-1,-0.96,-0.67,0.82,0.0,-1,1.0,0.0,0.23,0.0,-1,-0.96,0.0,-0.18,0.0
17,1,-1,-0.93,0.0,-0.1,0.0,-1,-0.99,0.0,-0.57,0.0,-1,-0.93,0.0,0.48,0.0
17,1,-1,0.5,0.0,0.95,0.0,-1,1.0,0.33,-0.53,0.03,-1,0.5,-0.67,0.16,0.0
17,1,-1,0.97,0.0,-0.66,0.0,-1,0.99,0.0,-0.43,0.0,-1,0.97,0.0,-0.66,0.0
17,1,-1,1.0,0.67,0.89,0.2,-1,1.0,0.67,0.9,0.0,-1,1.0,1.0,0.05,0.0
18,1,-1,1.0,0.0,0.94,0.0,-1,1.0,0.0,0.44,0.0,-1,1.0,0.0,-0.88,0.0
18,1,-1,1.0,0.67,-0.5,0.4,-1,1.0,0.0,0.06,0.4,-1,1.0,0.67,0.01,0.4
18,1,-1,-0.93,-0.67,-0.73,0.0,-1,0.9,0.0,0.47,0.0,-1,-0.93,-0.67,0.19,0.0
18,1,-1,-0.96,-0.67,-0.03,0.25,-1,1.0,-0.33,-0.59,0.25,-1,-0.96,-0.67,0.87,0.25
18,1,-1,0.83,0.0,-0.63,0.0,-1,-0.99,0.0,0.38,0.0,-1,0.83,0.0,0.71,0.0
18,1,-1,1.0,0.0,0.13,0.0,-1,1.0,0.0,0.14,0.3,-1,1.0,0.0,0.11,0.3
18,1,-1,1.0,0.0,-0.31,0.25,-1,-0.96,0.0,0.73,0.25,-1,1.0,0.0,-0.63,0.25
18,1,-1,-0.97,-0.67,0.94,0.0,-1,0.99,-0.67,-0.39,0.0,-1,-0.97,0.67,0.51,0.0
18,1,-1,-0.83,-0.67,0.48,0.0,-1,0.99,0.0,0.11,0.0,-1,-0.83,0.0,0.31,0.0
18,1,-1,-1.0,0.0,-0.42,0.0,-1,0.99,0.0,0.66,0.0,-1,-1.0,0.0,0.74,0.0
18,1,-1,0.74,0.0,0.46,0.0,-1,-0.99,0.0,0.1,0.03,-1,0.74,-0.67,0.07,0.0
18,1,-1,-1.0,0.0,0.11,0.0,-1,0.99,0.0,-0.29,0.0,-1,-1.0,0.0,0.68,0.0
18,1,-1,1.0,-0.67,-0.87,0.2,-1,0.99,0.33,0.8,0.2,-1,1.0,0.0,0.59,0.2
19,1,-1,1.0,0.33,0.03,0.0,-1,1.0,0.0,-0.54,0.0,-1,1.0,0.0,-0.29,0.0
19,1,-1,1.0,0.67,-0.59,0.4,-1,0.96,0.0,-0.88,0.4,-1,1.0,0.67,0.84,0.4
19,1,-1,-0.99,0.0,0.87,0.0,-1,1.0,-0.67,0.8,0.0,-1,-0.99,0.0,-0.3,0.0
19,1,-1,0.83,0.0,-0.8,0.0,-1,1.0,0.0,-0.03,0.0,-1,0.83,0.0,0.56,0.0
19,1,-1,1.0,0.0,0.06,0.0,-1,0.99,0.0,0.69,0.3,-1,1.0,0.0,0.59,0.3
19,1,-1,1.0,0.0,-0.73,0.25,-1,-0.98,0.0,0.07,0.25,-1,1.0,0.0,0.21,0.25
19,1,-1,-1.0,-0.67,-0.64,0.2,-1,1.0,-0.67,0.97,0.2,-1,-1.0,-0.67,0.98,0.2
19,1,-1,-1.0,0.0,-0.5,0.03,-1,1.0,0.33,0.0,0.03,-1,-1.0,0.33,0.37,0.03
19,1,-1,-1.0,-0.67,0.57,0.37,-1,0.99,-0.67,-0.69,0.47,-1,-1.0,0.33,0.04,0.37
19,1,-1,0.83,0.0,-0.6,0.0,-1,0.91,0.0,0.76,0.0,-1,0.83,0.0,-0.73,0.0
19,1,-1,1.0,0.0,0.8,0.0,-1,1.0,0.0,-0.95,0.3,-1,1.0,0.0,0.77,0.3
19,1,-1,1.0,0.0,-0.16,0.25,-1,1.0,0.0,-0.03,0.25,-1,1.0,0.0,-0.08,0.25
19,1,-1,-1.0,0.33,0.65,0.0,-1,0.99,-0.33,0.23,0.0,-1,-1.0,0.67,-0.64,0.14
19,1,-1,-0.99,-1.0,-0.73,0.05,-1,0.93,-1.0,-0.57,0.05,-1,-0.99,0.0,-0.76,0.05
19,1,-1,-0.7,-0.67,0.96,0.0,-1,1.0,-0.67,0.37,0.0,-1,-0.7,-0.67,0.25,0.0
19,1,-1,0.83,0.0,0.96,0.0,-1,1.0,0.0,0.6,0.0,-1,0.83,0.0,0.24,0.0
19,1,-1,1.0,0.0,0.09,0.0,-1,0.99,0.0,-0.29,0.3,-1,1.0,0.0,-0.88,0.3
19,1,-1,1.0,0.0,0.57,0.25,-1,-0.99,0.0,-0.88,0.25,-1,1.0,0.0,0.84,0.25
19,1,-1,0.93,0.0,0.73,0.0,-1,1.0,0.0,0.07,0.0,-1,0.93,0.0,-0.02,0.0
19,1,-1,-1.0,-1.0,0.44,-0.5,-1,1.0,0.0,0.03,-0.5,-1,-1.0,0.0,-0.54,-0.5
19,1,-1,-0.87,-0.33,0.3,0.25,-1,0.99,-0.33,-0.66,0.25,-1,-0.87,-0.67,-0.79,0.25
19,1,-1,-0.84,0.0,0.54,0.0,-1,0.99,0.0,-0.45,0.0,-1,-0.84,0.0,0.57,0.0
19,1,-1,-0.86,-1.0,-0.16,0.0,-1,1.0,0.0,-0.9,0.0,-1,-0.86,-1.0,-0.02,0.0
19,1,-1,1.0,0.0,-0.45,0.0,-1,0.99,0.0,-0.71,0.0,-1,1.0,0.0,0.89,0.0
19,1,-1,1.0,0.67,0.77,0.25,-1,0.99,0.67,0.22,0.25,-1,1.0,0.67,0.76,0.25
19,1,-1,1.0,0.0,-0.51,0.0,-1,0.69,0.0,-0.82,0.0,-1,1.0,0.0,-0.53,0.0
19,1,-1,-0.96,-0.67,0.08,0.0,-1,1.0,0.0,-0.93,0.0,-1,-0.96,0.0,-0.29,0.0
19,1,-1,1.0,0.0,0.27,0.0,-1,1.0,0.0,0.02,0.0,-1,1.0,0.0,0.72,0.0
19,1,-1,0.99,0.0,0.2,0.5,-1,0.98,0.0,0.1,0.5,-1,0.99,0.0,0.14,0.5
19,1,-1,1.0,0.0,0.01,0.0,-1,-0.99,0.0,0.67,0.0,-1,1.0,0.0,-0.28,0.5
19,1,-1,0.99,0.0,0.2,0.5,-1,1.0,0.0,0.71,0.5,-1,0.99,0.0,0.64,0.5
19,1,-1,1.0,0.0,-0.49,0.0,-1,1.0,0.0,0.77,0.0,-1,1.0,0.0,-0.89,0.0
19,1,-1,-1.0,1.0,-0.75,0.0,-1,0.99,0.67,0.96,0.0,-1,-1.0,-1.0,-0.33,0.2
19,1,-1,0.98,0.0,0.14,0.0,-1,-0.99,0.0,-0.18,0.0,-1,0.98,0.0,-0.65,0.0
19,1,-1,-1.0,0.0,0.8,0.0,-1,1.0,-0.33,-0.87,0.0,-1,-1.0,-0.67,0.25,0.0
19,1,-1,1.0,0.0,-0.27,0.0,-1,1.0,0.0,0.11,0.0,-1,1.0,0.0,-0.44,0.0
19,1,-1,-0.99,0.33,-0.54,0.0,-1,0.98,0.33,0.66,0.03,-1,-0.99,-0.67,0.78,0.0
19,1,-1,1.0,0.33,-0.97,0.1,-1,0.99,0.33,-0.92,0.1,-1,1.0,0.0,-0.91,0.1
19,1,-1,-1.0,-1.0,0.76,-0.08,-1,1.0,-1.0,-0.31,-0.08,-1,-1.0,-1.0,-0.91,-0.08
19,1,-1,1.0,0.0,0.21,0.0,-1,0.99,0.0,0.7,0.0,-1,1.0,0.0,0.03,0.0
19,1,-1,-0.98,0.0,-0.28,0.0,-1,1.0,-0.67,0.74,0.0,-1,-0.98,-0.67,-0.01,0.0
19,1,-1,0.98,0.0,-0.56,0.0,-1,0.93,0.0,-0.17,0.0,-1,0.98,0.0,-0.6,0.0
19,1,-1,-0.86,1.0,0.3,0.0,-1,1.0,-0.33,0.22,0.1,-1,-0.86,-0.33,0.94,0.1
19,1,-1,1.0,0.0,0.9,0.0,-1,-0.99,0.0,-0.68,0.0,-1,1.0,0.0,0.9,0.0
19,1,-1,0.65,0.0,-0.87,0.25,-1,1.0,-0.67,-0.17,0.25,-1,0.65,0.0,-0.39,0.25
19,1,-1,1.0,0.0,-0.9,0.0,-1,0.83,0.0,0.31,0.0,-1,1.0,0.0,-0.82,0.0
19,1,-1,-0.99,-0.67,-0.27,0.0,-1,1.0,-0.67,0.35,0.0,-1,-0.99,-0.67,-0.61,0.0
19,1,-1,1.0,0.0,0.02,0.0,-1,0.69,0.0,0.99,0.0,-1,1.0,0.0,-0.28,0.0
19,1,-1,1.0,0.67,-0.44,0.2,-1,0.99,0.67,-0.25,0.0,-1,1.0,1.0,0.11,0.0
20,1,-1,1.0,0.0,-0.31,0.0,-1,-0.99,0.0,-0.2,0.0,-1,1.0,0.0,0.22,0.0
20,1,-1,1.0,0.67,0.82,0.4,-1,1.0,0.0,0.14,0.4,-1,1.0,0.67,-0.92,0.4
20,1,-1,-0.99,0.0,-0.44,0.0,-1,1.0,0.0,0.49,0.0,-1,-0.99,0.0,-0.15,0.0
20,1,-1,-0.86,-1.0,0.21,0.0,-1,0.98,0.0,0.19,0.0,-1,-0.86,-1.0,-0.47,0.0
20,1,-1,1.0,0.0,-0.23,0.0,-1,1.0,0.0,-0.24,0.0,-1,1.0,0.0,0.29,0.0
20,1,-1,0.97,0.67,-0.08,0.23,-1,0.99,0.67,-0.25,0.23,-1,0.97,0.67,-0.08,0.23
20,1,-1,-1.0,0.33,-0.84,0.03,-1,0.68,0.33,-0.98,0.03,-1,-1.0,0.33,-0.16,0.03
20,1,-1,-0.86,-1.0,-0.64,0.0,-1,0.98,0.0,0.58,0.0,-1,-0.86,-1.0,-0.08,0.0
20,1,-1,1.0,0.0,-0.67,0.0,-1,0.99,0.0,0.25,0.0,-1,1.0,0.0,0.6,0.0
20,1,-1,1.0,0.67,-0.39,0.25,-1,1.0,0.67,-0.06,0.25,-1,1.0,0.67,-0.32,0.25
20,1,-1,-1.0,-0.67,0.03,0.0,-1,0.96,0.0,0.52,0.0,-1,-1.0,-0.67,-0.37,0.0
20,1,-1,-0.86,-1.0,0.77,0.0,-1,1.0,0.0,0.19,0.0,-1,-0.86,-1.0,-0.55,0.0
20,1,-1,1.0,0.0,-0.2,0.0,-1,1.0,0.0,-0.62,0.0,-1,1.0,0.0,0.33,0.0
20,1,-1,1.0,0.0,-0.78,0.25,-1,1.0,0.0,0.08,0.25,-1,1.0,0.0,0.73,0.19
20,1,-1,-1.0,-0.67,0.37,0.37,-1,-0.99,-0.67,-0.88,0.5,-1,-1.0,-0.67,-0.65,0.34
20,1,-1,-0.86,-1.0,-0.33,0.0,-1,1.0,0.0,-0.1,0.0,-1,-0.86,-1.0,-0.89,0.0
20,1,-1,1.0,0.0,-0.6,0.0,-1,0.99,0.0,0.11,0.0,-1,1.0,0.0,-0.77,0.0
20,1,-1,1.0,-1.0,0.87,0.25,-1,1.0,0.67,0.28,0.25,-1,1.0,0.67,0.91,0.25
20,1,-1,-0.99,-1.0,-0.15,0.05,-1,-0.93,-1.0,-0.18,0.05,-1,-0.99,0.0,-0.39,0.05
20,1,-1,-0.86,-1.0,-0.88,0.0,-1,1.0,0.0,0.3,0.0,-1,-0.86,-1.0,0.72,0.0
20,1,-1,1.0,0.0,0.77,0.0,-1,1.0,0.0,-0.06,0.0,-1,1.0,0.0,0.27,0.0
20,1,-1,1.0,0.67,0.59,0.25,-1,1.0,0.67,-0.5,0.25,-1,1.0,1.0,-0.43,0.25
20,1,-1,0.93,-0.67,0.87,0.0,-1,-0.91,0.0,0.62,0.0,-1,0.93,-0.67,-0.74,0.0
20,1,-1,-0.86,-1.0,-0.17,0.0,-1,1.0,0.0,-0.32,0.0,-1,-0.86,-1.0,0.0,0.0
20,1,-1,1.0,0.0,0.19,0.0,-1,1.0,0.0,0.07,0.0,-1,1.0,0.0,0.84,0.0
20,1,-1,1.0,-1.0,0.51,0.25,-1,1.0,0.67,0.19,0.25,-1,1.0,0.67,0.0,0.25
20,1,-1,0.59,-0.67,0.85,0.25,-1,-1.0,-0.33,0.78,0.25,-1,0.59,-0.67,0.9,0.25
20,1,-1,-0.96,-1.0,0.42,0.0,-1,1.0,-1.0,-0.49,0.0,-1,-0.96,-1.0,0.55,0.0
20,1,-1,0.83,0.0,-0.25,0.0,-1,1.0,0.0,0.57,0.0,-1,0.83,0.0,0.64,0.0
20,1,-1,1.0,0.0,-0.59,0.0,-1,1.0,0.0,-0.41,0.3,-1,1.0,0.0,0.48,0.3
20,1,-1,1.0,0.0,-0.41,0.25,-1,0.97,0.0,-0.68,0.25,-1,1.0,0.0,-0.81,0.25
20,1,-1,-0.97,-0.67,-0.62,0.0,-1,1.0,-0.67,-0.59,0.0,-1,-0.97,0.67,0.77,0.0
20,1,-1,-0.83,-0.67,-0.75,0.0,-1,1.0,0.0,-0.7,0.0,-1,-0.83,0.0,-0.46,0.0
20,1,-1,1.0,1.0,0.06,0.0,-1,1.0,0.0,-0.57,0.0,-1,1.0,0.0,-0.73,0.0
20,1,-1,0.99,0.0,0.42,0.5,-1,-0.92,0.0,0.49,0.5,-1,0.99,0.0,-0.79,0.5
20,1,-1,1.0,0.0,0.94,0.0,-1,1.0,0.0,0.94,0.0,-1,1.0,0.0,-0.44,0.0
20,1,-1,0.99,0.0,-0.1,0.5,-1,0.99,0.0,0.28,0.5,-1,0.99,0.33,-0.81,0.8
20,1,-1,1.0,0.0,-0.06,0.0,-1,1.0,0.0,0.49,0.0,-1,1.0,0.0,-0.81,0.0
20,1,-1,-0.99,0.0,-0.57,0.0,-1,-0.99,0.0,-0.9,0.0,-1,-0.99,0.0,0.49,0.2
20,1,-1,0.99,0.0,0.09,0.0,-1,1.0,0.0,-0.14,0.0,-1,0.99,0.0,0.44,0.0
20,1,-1,-1.0,0.0,-0.86,0.0,-1,0.98,-0.67,-0.06,0.0,-1,-1.0,-0.33,-0.76,0.0
20,1,-1,-0.99,0.33,-0.54,0.0,-1,1.0,-0.67,0.37,0.0,-1,-0.99,-0.67,-0.9,0.0
20,1,-1,1.0,0.0,0.37,0.0,-1,-0.97,0.0,0.38,0.05,-1,1.0,0.0,-0.07,0.05
20,1,-1,1.0,0.67,-0.57,0.1,-1,1.0,0.67,-0.71,0.1,-1,1.0,1.0,0.31,0.1
20,1,-1,-1.0,-0.67,-0.3,-0.08,-1,0.99,0.0,-0.04,-0.08,-1,-1.0,-0.67,0.89,-0.08
20,1,-1,1.0,0.0,0.52,0.0,-1,1.0,0.0,-0.93,0.0,-1,1.0,0.0,0.07,0.0
20,1,-1,-0.53,0.0,-0.73,0.0,-1,0.95,0.0,-0.56,0.0,-1,-0.53,-0.67,0.97,0.0
20,1,-1,0.78,0.0,0.48,0.0,-1,1.0,0.0,-0.84,0.0,-1,0.78,0.67,0.22,0.0
20,1,-1,0.99,0.0,-0.45,0.0,-1,0.99,0.0,0.12,0.0,-1,0.99,0.33,0.35,0.1
20,1,-1,0.99,1.0,-0.72,0.0,-1,-1.0,1.0,0.87,0.0,-1,0.99,0.0,0.94,0.0
20,1,-1,0.98,0.0,-0.98,0.25,-1,-0.81,0.0,-0.01,0.25,-1,0.98,0.0,-0.74,0.25
20,1,-1,0.96,0.0,0.45,0.0,-1,1.0,0.0,0.84,0.0,-1,0.96,0.0,0.94,0.0
20,1,-1,-0.71,-0.67,-0.8,0.0,-1,1.0,-0.67,0.88,0.0,-1,-0.71,-0.67,-0.2,0.0
20,1,-1,1.0,0.0,-0.55,0.0,-1,1.0,0.0,-0.67,0.0,-1,1.0,0.0,0.98,0.0
20,1,-1,1.0,-0.67,-0.46,0.2,-1,0.96,0.33,-0.49,0.2,-1,1.0,0.0,0.48,0.2
21,1,-1,1.0,0.67,0.78,0.4,-1,1.0,0.0,-0.73,0.4,-1,1.0,0.67,-0.31,0.4
21,1,-1,0.92,0.0,-0.31,0.0,-1,1.0,0.0,0.87,0.0,-1,0.92,0.33,-0.95,0.0
21,1,-1,-0.99,0.0,0.88,0.0,-1,1.0,-0.67,0.74,0.0,-1,-0.99,0.0,-0.16,0.0
21,1,-1,-0.98,0.0,-0.14,0.0,-1,1.0,0.0,-0.98,0.0,-1,-0.98,0.0,-0.5,0.0
21,1,-1,1.0,0.67,0.2,0.25,-1,1.0,0.67,-0.77,0.25,-1,1.0,1.0,-0.81,0.25
21,1,-1,-0.95,-0.67,-0.56,0.0,-1,-0.99,-0.67,0.58,0.0,-1,-0.95,-0.67,-0.66,0.0
21,1,-1,-0.99,-1.0,-0.58,0.05,-1,1.0,-0.67,-0.84,0.05,-1,-0.99,0.0,0.8,0.05
21,1,-1,-0.98,0.0,0.87,0.0,-1,1.0,0.0,-0.34,0.0,-1,-0.98,0.0,-0.11,0.0
21,1,-1,1.0,0.67,0.02,0.25,-1,1.0,0.67,0.82,0.25,-1,1.0,1.0,-0.05,0.25
21,1,-1,0.92,0.0,-0.29,0.0,-1,-0.93,0.0,0.47,0.0,-1,0.92,0.0,-0.8,0.0
21,1,-1,0.93,-0.67,0.62,0.0,-1,1.0,-0.67,-0.35,0.0,-1,0.93,-0.67,0.7,0.0
21,1,-1,-0.98,0.0,0.52,0.0,-1,1.0,0.0,0.54,0.0,-1,-0.98,0.0,-0.39,0.0
21,1,-1,1.0,0.67,-0.77,0.25,-1,1.0,0.67,0.84,0.25,-1,1.0,1.0,0.04,0.25
21,1,-1,-0.93,-0.67,-0.21,0.0,-1,-0.96,0.0,-0.78,0.0,-1,-0.93,-0.67,0.2,0.0
21,1,-1,-0.66,-0.33,0.67,0.25,-1,1.0,-0.33,0.66,0.25,-1,-0.66,-0.67,0.79,0.25
21,1,-1,-0.84,0.0,-0.52,0.0,-1,1.0,0.0,0.19,0.0,-1,-0.84,0.0,0.68,0.0
21,1,-1,-1.0,-1.0,-0.53,0.0,-1,1.0,-1.0,-0.65,0.0,-1,-1.0,-1.0,-0.06,0.0
21,1,-1,1.0,0.0,0.79,0.0,-1,-1.0,0.0,-0.5,0.0,-1,1.0,0.0,-0.51,0.0
21,1,-1,1.0,0.67,-0.2,0.25,-1,1.0,0.67,-0.76,0.25,-1,1.0,0.67,0.01,0.25
21,1,-1,1.0,0.0,-0.05,0.0,-1,1.0,0.0,-0.06,0.0,-1,1.0,0.0,-0.75,0.0
21,1,-1,-0.96,-0.67,0.49,0.0,-1,1.0,0.0,0.14,0.0,-1,-0.96,0.0,0.61,0.0
21,1,-1,1.0,0.0,-0.05,0.0,-1,0.97,0.0,0.67,0.0,-1,1.0,0.0,0.93,0.0
21,1,-1,0.99,0.0,-0.48,0.5,-1,1.0,0.0,-0.27,0.5,-1,0.99,0.0,-0.1,0.5
21,1,-1,1.0,0.0,-0.89,0.0,-1,0.98,0.0,0.0,0.0,-1,1.0,0.0,-0.96,0.5
21,1,-1,0.99,0.0,0.75,0.5,-1,1.0,0.0,-0.64,0.5,-1,0.99,0.0,-0.48,0.5
21,1,-1,1.0,0.0,-0.55,0.0,-1,-0.92,0.0,-0.69,0.0,-1,1.0,0.0,-0.19,0.0
21,1,-1,-1.0,1.0,-0.63,0.0,-1,1.0,0.67,1.0,0.0,-1,-1.0,-1.0,0.82,0.2
21,1,-1,0.98,0.0,0.27,0.0,-1,1.0,0.0,0.96,0.0,-1,0.98,0.0,-0.49,0.0
21,1,-1,-1.0,0.0,-0.52,0.0,-1,1.0,-0.33,0.5,0.0,-1,-1.0,-0.67,-0.33,0.0
21,1,-1,-1.0,0.0,0.58,0.0,-1,-0.99,-0.67,-0.31,0.0,-1,-1.0,-0.67,-0.83,0.0
21,1,-1,1.0,0.0,-0.73,0.0,-1,1.0,0.0,0.26,0.05,-1,1.0,0.0,-0.35,0.0
21,1,-1,1.0,0.33,0.03,0.1,-1,1.0,0.33,-0.33,0.1,-1,1.0,0.0,0.08,0.1
21,1,-1,-1.0,-1.0,0.8,-0.08,-1,1.0,-1.0,-0.82,-0.08,-1,-1.0,-1.0,-0.47,-0.08
21,1,-1,1.0,0.0,0.69,0.0,-1,-0.97,0.0,0.17,0.0,-1,1.0,0.0,0.72,0.0
21,1,-1,-0.98,0.0,0.4,0.0,-1,1.0,-0.67,0.45,0.0,-1,-0.98,-0.67,0.1,0.0
21,1,-1,0.98,0.0,0.23,0.0,-1,1.0,0.0,-0.23,0.0,-1,0.98,0.0,-0.5,0.0
21,1,-1,-0.86,1.0,0.31,0.0,-1,1.0,-0.33,0.61,0.1,-1,-0.86,-0.33,0.31,0.1
21,1,-1,1.0,0.0,-0.17,0.0,-1,0.95,0.0,-0.64,0.0,-1,1.0,0.0,-0.57,0.0
21,1,-1,0.65,0.0,-0.26,0.25,-1,1.0,-0.67,-0.61,0.25,-1,0.65,0.0,-0.85,0.25
21,1,-1,1.0,0.0,0.67,0.0,-1,1.0,0.0,-0.01,0.0,-1,1.0,0.0,0.62,0.0
21,1,-1,-0.99,-0.67,0.03,0.0,-1,-1.0,-0.67,0.41,0.0,-1,-0.99,-0.67,0.71,0.0
21,1,-1,1.0,0.0,-0.66,0.0,-1,-0.81,0.0,-0.59,0.0,-1,1.0,0.0,-0.99,0.0
21,1,-1,1.0,0.67,0.78,0.2,-1,1.0,0.67,-0.72,0.0,-1,1.0,1.0,-0.3,0.0
22,2,1,1.0,-0.67,-0.29,0.0,1,1.0,0.0,0.48,0.0,1,1.0,0.0,0.76,0.0
22,2,1,1.0,0.67,-0.43,0.4,1,-1.0,0.0,0.89,0.4,1,1.0,0.67,-0.76,0.4
22,2,1,1.0,-0.67,0.32,0.0,1,-1.0,-0.67,-0.81,0.0,1,1.0,-0.67,-0.47,0.0
22,2,1,-0.96,-0.67,0.83,0.0,1,1.0,0.0,0.32,0.0,1,-0.96,0.0,-0.77,0.0
22,2,1,0.53,0.0,0.25,0.0,1,1.0,0.0,-0.27,0.0,1,0.53,0.0,0.17,0.0
22,2,1,0.5,0.0,0.57,0.0,1,-1.0,0.33,-0.54,0.03,1,0.5,-0.67,0.14,0.0
22,2,1,0.99,0.0,0.38,0.0,1,-1.0,-0.67,0.26,0.0,1,0.99,-0.67,-0.23,0.0
22,2,1,1.0,0.67,0.77,0.2,1,1.0,0.67,0.68,0.0,1,1.0,1.0,-0.77,0.0
23,2,1,1.0,-0.67,0.85,0.0,1,1.0,0.0,0.89,0.0,1,1.0,0.0,-0.41,0.0
23,2,1,-0.96,0.67,0.5,0.4,1,1.0,0.33,-0.58,0.4,1,-0.96,0.67,-0.14,0.4
23,2,1,-1.0,-0.33,-0.06,-0.5,1,-0.99,-1.0,0.45,-0.5,1,-1.0,-0.33,0.55,-0.5
23,2,1,-0.98,-0.67,0.13,0.5,1,1.0,0.0,0.55,0.5,1,-0.98,-0.67,-0.53,0.5
23,2,1,0.7,-0.33,-0.2,0.25,1,1.0,-0.33,0.06,0.25,1,0.7,-0.67,0.15,0.25
23,2,1,-0.96,-1.0,0.08,0.0,1,1.0,-1.0,0.18,0.0,1,-0.96,-1.0,0.72,0.0
23,2,1,-0.76,0.0,0.89,0.0,1,-0.93,0.0,-0.97,0.0,1,-0.76,0.0,-0.32,0.0
23,2,1,1.0,0.0,-0.07,0.0,1,1.0,0.0,0.43,0.3,1,1.0,0.0,0.39,0.3
23,2,1,1.0,-0.67,0.32,0.25,1,0.99,0.33,-0.98,0.25,1,1.0,0.33,-0.5,0.25
23,2,1,1.0,0.33,0.91,0.4,1,1.0,0.0,0.54,0.4,1,1.0,0.67,0.73,0.4
23,2,1,-0.9,-0.67,0.01,0.0,1,-0.96,-0.67,0.51,0.0,1,-0.9,0.33,-0.09,0.0
23,2,1,-1.0,-1.0,0.17,-0.5,1,1.0,-1.0,0.69,-0.5,1,-1.0,0.33,0.78,-0.5
23,2,1,0.89,-0.67,-0.59,0.0,1,0.99,-0.67,0.0,0.0,1,0.89,0.33,-0.52,0.0
23,2,1,-1.0,-0.67,-0.24,0.0,1,1.0,-0.33,-0.81,0.0,1,-1.0,0.0,-0.97,0.0
23,2,1,1.0,0.0,-0.95,0.0,1,-1.0,0.33,-0.93,0.0,1,1.0,0.33,-0.16,0.0
23,2,1,1.0,0.67,-0.26,0.25,1,1.0,0.67,-0.41,0.25,1,1.0,0.67,-0.64,0.25
23,2,1,-0.89,0.0,-0.04,0.0,1,1.0,0.0,-0.09,0.0,1,-0.89,0.0,0.72,0.0
23,2,1,0.76,0.67,0.22,-0.05,1,1.0,0.33,0.53,0.13,1,0.76,-0.33,-0.15,-0.05
23,2,1,-0.76,0.0,-0.07,0.0,1,0.97,0.0,0.93,0.0,1,-0.76,0.0,-0.01,0.0
23,2,1,1.0,0.0,-0.27,0.0,1,1.0,0.0,-0.71,0.3,1,1.0,0.0,0.5,0.3
23,2,1,1.0,-0.67,-0.63,0.25,1,1.0,0.33,-0.19,0.25,1,1.0,0.33,-0.29,0.25
23,2,1,-0.96,-0.33,-0.42,0.2,1,1.0,-0.33,-0.82,0.2,1,-0.96,-0.33,0.63,0.2
23,2,1,-0.65,0.33,-0.31,0.15,1,-0.92,-0.33,-0.26,0.15,1,-0.65,0.67,-0.85,0.2
23,2,1,-1.0,-1.0,-0.08,0.0,1,1.0,-1.0,0.6,0.0,1,-1.0,-1.0,-0.56,0.0
23,2,1,1.0,0.0,-0.04,0.0,1,1.0,0.33,0.18,0.0,1,1.0,0.33,-0.08,0.0
23,2,1,1.0,0.67,-0.13,0.25,1,1.0,0.67,-0.55,0.25,1,1.0,0.67,0.63,0.25
23,2,1,1.0,-0.67,0.33,0.0,1,-0.99,-0.67,0.53,0.0,1,1.0,-0.67,0.95,0.0
23,2,1,-0.96,-0.67,-0.84,0.0,1,1.0,0.0,-0.84,0.0,1,-0.96,0.0,-0.39,0.0
23,2,1,1.0,0.0,0.59,0.0,1,0.98,0.0,-0.39,0.0,1,1.0,0.0,0.22,0.0
23,2,1,0.99,0.0,-0.68,0.5,1,1.0,0.0,-0.92,0.5,1,0.99,0.0,-0.08,0.5
23,2,1,1.0,0.0,-0.37,0.0,1,-0.97,0.0,-0.61,0.0,1,1.0,0.33,0.24,0.5
23,2,1,0.99,0.0,-0.09,0.5,1,1.0,0.0,-0.6,0.5,1,0.99,0.0,-0.02,0.5
23,2,1,1.0,0.0,-0.44,0.0,1,1.0,0.0,0.12,0.0,1,1.0,0.0,-0.85,0.0
23,2,1,-1.0,1.0,-0.66,0.0,1,1.0,0.67,0.96,0.0,1,-1.0,-1.0,-0.97,0.2
23,2,1,-1.0,0.0,0.86,0.0,1,0.95,-0.67,-0.44,0.0,1,-1.0,-0.33,-0.15,0.0
23,2,1,1.0,0.0,0.92,0.0,1,1.0,0.0,0.43,0.0,1,1.0,0.0,0.98,0.0
23,2,1,-1.0,-0.67,-0.04,0.0,1,1.0,0.33,-0.22,0.0,1,-1.0,0.33,0.11,0.0
23,2,1,1.0,0.0,0.67,0.0,1,-1.0,0.0,-0.1,0.05,1,1.0,0.0,0.54,0.0
23,2,1,1.0,0.33,0.86,0.1,1,-0.81,0.33,-0.29,0.1,1,1.0,1.0,-0.03,0.1
23,2,1,-1.0,-1.0,-0.67,-0.08,1,1.0,-1.0,-0.87,-0.08,1,-1.0,-1.0,-0.86,-0.08
23,2,1,1.0,0.0,0.95,0.0,1,1.0,0.0,0.49,0.0,1,1.0,0.0,-0.31,0.0
23,2,1,-0.98,0.0,0.33,0.0,1,1.0,-0.67,-0.72,0.0,1,-0.98,-0.67,-0.69,0.0
23,2,1,0.99,0.0,-0.2,0.0,1,0.96,0.0,0.84,0.0,1,0.99,-0.67,-0.9,0.25
23,2,1,-0.86,1.0,-0.24,0.0,1,1.0,-0.33,-0.68,0.1,1,-0.86,-0.33,0.77,0.1
23,2,1,1.0,0.0,-0.51,0.0,1,1.0,0.0,-0.93,0.0,1,1.0,0.0,-0.51,0.0
23,2,1,0.65,0.0,0.87,0.25,1,0.98,-0.67,0.79,0.25,1,0.65,0.0,0.92,0.25
23,2,1,1.0,0.0,0.57,0.0,1,1.0,0.0,-0.57,0.0,1,1.0,0.0,-0.1,0.0
23,2,1,-0.7,-0.67,-0.42,0.0,1,1.0,-0.67,0.24,0.0,1,-0.7,-0.67,-0.56,0.0
23,2,1,1.0,-0.33,-0.82,0.2,1,1.0,-0.33,-0.29,0.2,1,1.0,1.0,0.52,0.2
24,2,1,1.0,0.33,-0.31,0.0,1,1.0,0.0,-0.79,0.0,1,1.0,0.0,-0.63,0.0
24,2,1,1.0,0.67,-0.17,0.4,1,1.0,0.0,0.52,0.4,1,1.0,0.67,-1.0,0.4
24,2,1,-0.97,0.0,-0.76,0.0,1,1.0,-0.67,-0.48,0.0,1,-0.97,0.0,0.34,0.0
24,2,1,-0.76,0.0,0.45,0.0,1,0.96,0.0,0.7,0.0,1,-0.76,0.0,0.91,0.0
24,2,1,1.0,0.0,0.81,0.0,1,1.0,0.0,0.85,0.3,1,1.0,0.0,-0.57,0.3
24,2,1,1.0,-0.67,0.46,0.25,1,1.0,0.33,0.42,0.25,1,1.0,0.33,0.76,0.25
24,2,1,0.56,-0.67,0.18,0.25,1,1.0,-0.33,-0.96,0.25,1,0.56,-0.67,-0.1,0.25
24,2,1,-0.68,-0.67,0.09,0.0,1,-0.99,-0.67,0.16,0.0,1,-0.68,-0.33,-0.85,0.0
24,2,1,-1.0,-1.0,-0.32,0.0,1,1.0,-1.0,-0.78,0.0,1,-1.0,-1.0,0.62,0.0
24,2,1,1.0,0.0,0.23,0.0,1,1.0,0.33,-0.12,0.0,1,1.0,0.33,-0.06,0.0
24,2,1,1.0,0.67,-0.28,0.25,1,1.0,0.67,0.17,0.25,1,1.0,0.67,0.94,0.25
24,2,1,-0.98,0.67,-0.52,0.08,1,-0.93,0.33,-0.12,0.0,1,-0.98,1.0,-0.58,0.0
24,2,1,-1.0,-1.0,-0.51,0.0,1,1.0,-1.0,0.96,0.0,1,-1.0,-1.0,0.77,0.0
24,2,1,1.0,0.0,0.67,0.0,1,1.0,0.33,0.36,0.0,1,1.0,0.33,-0.14,0.0
24,2,1,1.0,0.67,0.75,0.25,1,1.0,0.67,0.95,0.25,1,1.0,0.67,0.66,0.25
24,2,1,0.99,0.0,0.49,0.0,1,-0.96,0.0,-0.82,0.0,1,0.99,0.0,-0.11,0.0
24,2,1,-0.99,-1.0,0.82,0.05,1,1.0,-0.67,0.56,0.05,1,-0.99,0.0,0.83,0.05
24,2,1,-0.76,0.0,-0.4,0.0,1,1.0,0.0,0.99,0.0,1,-0.76,0.0,0.17,0.0
24,2,1,1.0,0.0,0.19,0.0,1,1.0,0.0,-0.82,0.3,1,1.0,0.0,0.23,0.3
24,2,1,1.0,-0.67,-0.92,0.25,1,-1.0,0.33,-0.87,0.25,1,1.0,0.33,0.97,0.25
24,2,1,-0.97,-0.67,-0.31,0.0,1,1.0,-0.67,0.16,0.0,1,-0.97,0.67,0.91,0.0
24,2,1,-0.71,-0.67,0.72,0.0,1,0.98,0.0,0.2,0.0,1,-0.71,-0.67,-0.16,0.0
24,2,1,1.0,1.0,-0.57,0.0,1,1.0,0.0,0.36,0.0,1,1.0,0.0,0.89,0.0
24,2,1,0.99,0.0,0.78,0.5,1,-1.0,0.0,0.57,0.5,1,0.99,0.0,0.21,0.5
24,2,1,1.0,0.0,0.68,0.0,1,1.0,0.0,-0.95,0.0,1,1.0,0.0,0.93,0.0
24,2,1,0.99,0.0,-0.16,0.5,1,1.0,0.0,0.19,0.5,1,0.99,0.33,0.36,0.8
24,2,1,-0.99,1.0,0.87,0.0,1,1.0,0.67,0.65,0.0,1,-0.99,-1.0,-0.77,0.0
24,2,1,0.99,0.0,-0.24,0.0,1,0.97,0.0,0.02,0.0,1,0.99,0.33,-0.15,0.0
24,2,1,-1.0,0.0,-0.77,0.0,1,1.0,-0.33,0.13,0.0,1,-1.0,-0.67,-0.17,0.0
24,2,1,1.0,0.0,0.16,0.0,1,0.99,0.0,-0.92,0.0,1,1.0,0.0,-0.09,0.0
24,2,1,-1.0,0.33,0.31,0.0,1,1.0,-0.67,0.91,0.0,1,-1.0,-0.67,-0.29,0.0
24,2,1,1.0,0.0,-0.09,0.0,1,-0.92,0.33,-0.8,0.05,1,1.0,0.33,-0.62,0.05
24,2,1,1.0,0.67,0.68,0.1,1,1.0,0.67,0.27,0.1,1,1.0,1.0,0.19,0.1
24,2,1,-1.0,-1.0,-0.85,-0.08,1,1.0,-1.0,0.16,-0.08,1,-1.0,0.67,-0.86,-0.08
24,2,1,1.0,0.0,-0.24,0.0,1,1.0,0.0,0.72,0.0,1,1.0,0.0,0.99,0.0
24,2,1,0.9,0.0,-0.96,0.0,1,-0.99,0.0,-0.15,0.0,1,0.9,0.33,-0.17,0.0
24,2,1,0.78,0.0,-0.19,0.0,1,1.0,0.0,-0.83,0.0,1,0.78,0.67,-0.73,0.0
24,2,1,1.0,0.0,-0.92,0.0,1,1.0,0.0,0.59,0.0,1,1.0,-0.33,-0.75,0.1
24,2,1,0.99,1.0,0.67,0.0,1,1.0,1.0,-0.95,0.0,1,0.99,0.0,-0.38,0.0
24,2,1,0.99,0.0,0.0,0.25,1,-0.97,0.0,-0.08,0.25,1,0.99,0.33,-0.22,0.25
24,2,1,-0.98,-0.67,0.93,0.0,1,1.0,-0.67,0.36,0.12,1,-0.98,-0.67,0.69,0.0
24,2,1,1.0,0.0,-0.91,0.0,1,0.99,0.0,-0.32,0.0,1,1.0,0.0,-0.29,0.0
24,2,1,1.0,0.67,-0.59,0.2,1,1.0,0.67,-0.48,0.0,1,1.0,1.0,0.52,0.0
25,2,1,1.0,-0.67,-0.3,0.0,1,-0.97,0.0,-0.71,0.0,1,1.0,0.0,-1.0,0.0
25,2,1,1.0,0.67,-0.54,0.4,1,1.0,0.0,-0.03,0.4,1,1.0,0.67,0.62,0.4
25,2,1,-0.71,0.0,-0.08,0.0,1,1.0,0.0,0.34,0.0,1,-0.71,0.33,-0.11,0.0
25,2,1,-1.0,0.0,0.27,0.0,1,1.0,0.0,-0.45,0.0,1,-1.0,0.0,0.0,0.0
25,2,1,1.0,0.0,0.24,0.0,1,-0.97,0.33,0.09,0.0,1,1.0,0.33,0.11,0.0
25,2,1,1.0,0.67,0.24,0.25,1,1.0,0.67,-0.46,0.25,1,1.0,0.67,-0.18,0.25
25,2,1,-1.0,-0.67,-0.19,0.0,1,1.0,0.0,0.66,0.0,1,-1.0,0.33,-0.97,0.2
25,2,1,-0.95,-0.33,-0.58,-0.17,1,1.0,-0.33,0.64,-0.17,1,-0.95,-0.33,0.81,-0.17
25,2,1,0.99,-0.67,0.88,0.0,1,0.95,-0.67,0.67,0.0,1,0.99,0.0,-0.22,0.0
25,2,1,-0.96,0.0,0.35,0.0,1,1.0,0.0,-0.3,0.0,1,-0.96,0.0,-0.52,0.0
25,2,1,1.0,0.0,0.92,0.0,1,0.99,0.33,0.81,0.0,1,1.0,0.33,-0.79,0.0
25,2,1,1.0,0.67,-0.42,0.25,1,1.0,0.67,0.83,0.25,1,1.0,0.67,0.47,0.25
25,2,1,-0.99,-0.67,0.37,0.0,1,0.95,-0.67,-0.34,0.0,1,-0.99,0.33,0.51,0.0
25,2,1,-1.0,-1.0,-0.41,-0.5,1,1.0,-1.0,0.97,-0.5,1,-1.0,0.33,-0.89,-0.15
25,2,1,0.7,-0.33,0.59,0.25,1,0.96,-0.33,0.6,0.25,1,0.7,-0.67,-0.89,0.25
25,2,1,-0.96,-1.0,0.38,0.0,1,1.0,-1.0,0.52,0.0,1,-0.96,-1.0,-0.42,0.0
25,2,1,-0.76,0.0,0.46,0.0,1,1.0,0.0,0.84,0.0,1,-0.76,0.0,0.56,0.0
25,2,1,1.0,0.67,-0.32,0.25,1,1.0,0.67,0.66,0.25,1,1.0,1.0,-0.03,0.25
25,2,1,-1.0,-0.67,0.92,0.0,1,-0.99,-0.67,-0.32,0.0,1,-1.0,0.33,-0.64,0.0
25,2,1,-1.0,0.0,-0.81,0.0,1,1.0,-0.67,-0.08,0.0,1,-1.0,0.0,0.57,0.0
25,2,1,-0.76,0.0,-0.83,0.0,1,1.0,0.0,-0.42,0.0,1,-0.76,0.0,-0.17,0.0
25,2,1,1.0,0.67,-0.75,0.25,1,1.0,0.67,0.58,0.25,1,1.0,1.0,0.45,0.25
25,2,1,-0.91,-0.67,0.4,0.0,1,-0.93,0.0,0.4,0.0,1,-0.91,-0.67,0.7,0.0
25,2,1,0.8,0.0,-0.7,0.0,1,1.0,-0.67,0.3,0.0,1,0.8,0.0,-0.23,0.0
25,2,1,-0.76,0.0,0.36,0.0,1,1.0,0.0,-0.68,0.0,1,-0.76,0.0,0.09,0.0
25,2,1,1.0,0.0,0.14,0.0,1,1.0,0.0,0.06,0.3,1,1.0,0.0,0.16,0.3
25,2,1,1.0,-0.67,0.96,0.25,1,-0.91,0.33,0.44,0.25,1,1.0,0.33,0.5,0.25
25,2,1,-1.0,-0.67,0.21,0.0,1,1.0,-0.67,-0.46,0.0,1,-1.0,-0.67,0.22,0.0
25,2,1,-1.0,0.33,-0.66,0.03,1,1.0,0.33,0.42,0.03,1,-1.0,0.33,-0.53,0.03
25,2,1,-1.0,-1.0,0.76,0.0,1,1.0,-1.0,-0.57,0.0,1,-1.0,-1.0,-1.0,0.0
25,2,1,1.0,0.0,0.53,0.0,1,-1.0,0.33,-0.94,0.0,1,1.0,0.33,-0.08,0.0
25,2,1,1.0,0.67,-0.21,0.25,1,1.0,0.67,0.07,0.25,1,1.0,0.67,0.72,0.25
25,2,1,1.0,-0.67,-0.16,0.0,1,0.99,-0.67,-0.52,0.0,1,1.0,-0.67,0.65,0.0
25,2,1,-0.96,-0.67,-0.68,0.0,1,0.99,0.0,0.66,0.0,1,-0.96,0.0,-0.38,0.0
25,2,1,1.0,0.0,0.77,0.0,1,0.97,0.0,-0.48,0.0,1,1.0,0.0,0.58,0.0
25,2,1,0.99,0.0,-0.36,0.5,1,1.0,0.0,-0.72,0.5,1,0.99,0.0,0.24,0.5
25,2,1,1.0,0.0,0.21,0.0,1,0.98,0.0,-0.72,0.0,1,1.0,0.33,-0.27,0.5
25,2,1,0.99,0.0,0.42,0.5,1,0.99,0.0,-0.54,0.5,1,0.99,0.0,-0.34,0.5
25,2,1,-0.99,0.0,0.25,0.0,1,-0.92,-1.0,-0.79,0.0,1,-0.99,-1.0,-0.34,0.2
25,2,1,0.99,0.0,-0.38,0.0,1,1.0,0.0,0.97,0.0,1,0.99,0.0,0.1,0.0
25,2,1,-1.0,0.0,0.33,0.0,1,0.99,-0.67,-0.93,0.0,1,-1.0,-0.33,-0.01,0.0
25,2,1,1.0,0.0,-0.23,0.0,1,0.99,0.0,0.22,0.0,1,1.0,0.0,0.48,0.0
25,2,1,-1.0,-0.67,0.93,0.0,1,-0.99,0.33,0.72,0.0,1,-1.0,0.33,0.02,0.0
25,2,1,1.0,0.0,0.69,0.0,1,1.0,0.0,-0.1,0.05,1,1.0,0.0,-0.75,0.0
25,2,1,1.0,0.33,-0.51,0.1,1,0.99,0.33,0.78,0.1,1,1.0,1.0,0.83,0.1
25,2,1,-1.0,-1.0,0.43,-0.08,1,0.99,-1.0,0.48,-0.08,1,-1.0,-1.0,-0.43,-0.08
25,2,1,1.0,0.0,0.87,0.0,1,-0.97,0.0,-0.88,0.0,1,1.0,0.0,-0.76,0.0
25,2,1,-0.98,0.0,0.24,0.0,1,1.0,-0.67,0.73,0.0,1,-0.98,-0.67,-0.61,0.0
25,2,1,0.99,0.0,-0.56,0.0,1,1.0,0.0,-0.11,0.0,1,0.99,-0.67,-0.51,0.25
25,2,1,-0.86,1.0,0.69,0.0,1,0.99,-0.33,0.98,0.1,1,-0.86,-0.33,-0.95,0.1
25,2,1,1.0,0.0,-0.03,0.0,1,0.95,0.0,0.73,0.0,1,1.0,0.0,0.63,0.0
25,2,1,0.65,0.0,0.1,0.25,1,1.0,-0.67,-0.61,0.25,1,0.65,0.0,0.34,0.25
25,2,1,1.0,0.0,0.8,0.0,1,0.98,0.0,0.15,0.0,1,1.0,0.0,0.34,0.0
25,2,1,-0.7,-0.67,-0.03,0.0,1,-1.0,-0.67,0.5,0.0,1,-0.7,-0.67,-0.6,0.0
25,2,1,1.0,-0.33,-0.06,0.2,1,-0.81,-0.33,-0.55,0.2,1,1.0,1.0,-0.86,0.2
25,2,1,1.0,0.33,-0.65,0.0,1,1.0,0.0,0.19,0.0,1,1.0,0.0,-0.16,0.0
25,2,1,1.0,0.67,-0.84,0.4,1,1.0,0.0,-0.66,0.4,1,1.0,0.67,0.04,0.4
25,2,1,1.0,0.67,0.14,0.4,1,-0.99,0.0,0.45,0.4,1,1.0,0.67,0.93,0.4
25,2,1,-0.99,0.0,-0.2,0.0,1,-1.0,0.0,0.6,0.0,1,-0.99,0.33,0.17,0.0
25,2,1,-1.0,0.0,0.61,0.0,1,1.0,0.0,-0.33,0.0,1,-1.0,0.0,0.89,0.0
25,2,1,1.0,0.0,-0.13,0.0,1,1.0,0.33,0.5,0.0,1,1.0,0.33,-0.36,0.0
25,2,1,-0.99,0.33,0.95,0.1,1,-0.99,0.33,-0.77,0.1,1,-0.99,0.33,-0.64,0.1
25,2,1,-0.76,0.0,-0.12,0.0,1,-1.0,0.0,0.19,0.0,1,-0.76,0.0,0.55,0.0
25,2,1,-1.0,-0.67,-0.41,0.0,1,1.0,-0.67,-0.1,0.0,1,-1.0,-0.67,-0.91,0.0
25,2,1,-0.96,-0.33,-0.42,-0.17,1,1.0,-0.33,0.04,-0.17,1,-0.96,-0.33,0.27,-0.17
25,2,1,-1.0,-1.0,0.4,0.0,1,0.98,-1.0,0.51,0.0,1,-1.0,-1.0,0.48,0.0
25,2,1,1.0,-0.33,-0.81,0.7,1,1.0,-0.33,-0.44,0.7,1,1.0,-0.33,-0.77,0.7
25,2,1,0.97,0.0,0.68,-0.05,1,-0.99,-0.67,0.01,-0.05,1,0.97,0.0,0.12,-0.05
25,2,1,-0.87,-0.33,0.35,0.0,1,-1.0,0.67,-0.91,0.5,1,-0.87,0.67,-0.85,0.0
25,2,1,-0.51,-1.0,0.22,0.0,1,1.0,-1.0,-0.24,0.3,1,-0.51,-1.0,0.85,0.3
25,2,1,1.0,-0.67,-0.95,0.25,1,1.0,0.33,0.2,0.25,1,1.0,0.33,0.22,0.25
25,2,1,-0.99,-0.67,0.43,0.0,1,1.0,0.0,-0.24,0.0,1,-0.99,-0.67,-0.59,0.0
25,2,1,-1.0,-0.33,0.05,-0.5,1,1.0,-1.0,-0.46,-0.5,1,-1.0,-0.33,0.28,-0.5
25,2,1,-1.0,-0.67,0.81,0.0,1,1.0,-0.67,0.54,0.0,1,-1.0,-0.67,-0.29,0.0
25,2,1,-1.0,-0.33,0.11,-0.5,1,0.96,-1.0,-0.89,-0.5,1,-1.0,-0.33,0.25,-0.5
25,2,1,-1.0,-0.67,-0.18,0.0,1,1.0,-0.67,0.35,0.0,1,-1.0,-0.67,0.51,0.0
25,2,1,-1.0,-0.67,0.42,0.0,1,1.0,0.0,0.66,0.0,1,-1.0,0.0,-0.67,0.0
25,2,1,-1.0,-1.0,-0.05,0.0,1,1.0,-1.0,-0.79,0.0,1,-1.0,-1.0,-0.32,0.0
25,2,1,1.0,0.0,0.37,0.0,1,-0.99,0.33,0.8,0.0,1,1.0,0.33,0.01,0.0
25,2,1,1.0,0.67,0.55,0.25,1,1.0,0.67,0.16,0.25,1,1.0,0.67,-0.55,0.25
25,2,1,1.0,-0.67,-0.25,0.0,1,0.99,-0.67,0.26,0.0,1,1.0,-0.67,0.23,0.0
25,2,1,-0.96,-0.67,0.59,0.0,1,1.0,0.0,0.49,0.0,1,-0.96,0.0,-0.56,0.0
25,2,1,1.0,0.0,-0.08,0.0,1,-0.93,0.0,-0.85,0.0,1,1.0,0.0,0.28,0.0
25,2,1,0.99,0.0,-0.92,0.5,1,1.0,0.0,0.75,0.5,1,0.99,0.0,-0.33,0.5
25,2,1,1.0,0.0,0.12,0.0,1,1.0,0.0,-0.79,0.0,1,1.0,0.33,1.0,0.5
25,2,1,0.99,0.0,0.15,0.5,1,1.0,0.0,0.25,0.5,1,0.99,0.0,0.43,0.5
25,2,1,-0.99,0.0,-0.16,0.0,1,-0.96,-1.0,0.18,0.0,1,-0.99,-1.0,-0.2,0.2
25,2,1,0.99,0.0,0.64,0.0,1,1.0,0.0,0.24,0.0,1,0.99,0.0,0.03,0.0
25,2,1,-1.0,0.0,-0.68,0.0,1,0.99,-0.67,0.64,0.0,1,-1.0,-0.33,0.2,0.0
25,2,1,1.0,0.0,-0.66,0.0,1,1.0,0.0,0.86,0.0,1,1.0,0.0,0.09,0.0
25,2,1,-1.0,-0.67,0.25,0.0,1,-1.0,0.33,-0.43,0.0,1,-1.0,0.33,0.18,0.0
25,2,1,1.0,0.0,-0.62,0.0,1,1.0,0.0,0.96,0.05,1,1.0,0.0,0.55,0.0
25,2,1,1.0,0.33,0.91,0.1,1,1.0,0.33,-0.13,0.1,1,1.0,1.0,-0.06,0.1
25,2,1,-1.0,-1.0,-0.92,-0.08,1,1.0,-1.0,-0.38,-0.08,1,-1.0,-1.0,-0.87,-0.08
25,2,1,1.0,0.0,-0.78,0.0,1,-1.0,0.0,0.76,0.0,1,1.0,0.0,0.34,0.0
25,2,1,-0.97,0.0,0.2,0.0,1,1.0,-0.67,-0.14,0.0,1,-0.97,-0.67,-0.36,0.0
25,2,1,1.0,0.0,0.89,0.0,1,1.0,0.0,-0.81,0.0,1,1.0,-0.33,0.08,0.1
25,2,1,0.99,1.0,0.15,0.0,1,0.99,1.0,0.7,0.0,1,0.99,0.0,0.61,0.0
25,2,1,0.99,0.0,0.34,0.25,1,0.97,0.0,-0.35,0.25,1,0.99,0.33,-0.7,0.25
25,2,1,0.96,0.0,-0.91,0.0,1,1.0,0.0,-0.64,0.0,1,0.96,0.0,-0.2,0.0
25,2,1,-0.57,-0.67,0.18,0.0,1,1.0,-0.67,-0.01,0.17,1,-0.57,-0.33,-0.3,0.0
25,2,1,1.0,0.67,0.43,0.2,1,0.99,0.67,-0.64,0.0,1,1.0,1.0,0.65,0.0
26,2,1,1.0,-0.67,0.12,0.0,1,-0.92,0.0,-0.95,0.0,1,1.0,0.0,0.73,0.0
26,2,1,1.0,0.67,0.45,0.4,1,1.0,0.0,0.34,0.4,1,1.0,0.67,0.69,0.4
26,2,1,-0.99,0.0,0.21,0.0,1,1.0,-0.67,0.18,0.4,1,-0.99,0.33,-0.33,0.4
26,2,1,-1.0,-1.0,-0.23,-0.5,1,0.99,-1.0,-0.7,-0.5,1,-1.0,0.0,-0.86,-0.5
26,2,1,0.96,-0.67,-0.79,0.0,1,-0.99,0.0,0.98,0.0,1,0.96,0.0,-0.56,0.0
26,2,1,-1.0,-1.0,0.42,0.0,1,1.0,-1.0,-0.25,0.0,1,-1.0,-1.0,0.42,0.0
26,2,1,1.0,0.0,-0.2,0.0,1,0.98,0.33,-0.6,0.0,1,1.0,0.33,-0.06,0.0
26,2,1,0.99,0.67,-0.83,0.25,1,0.99,0.67,-0.63,0.25,1,0.99,0.67,0.76,0.25
26,2,1,-0.95,-0.67,0.58,0.0,1,-0.97,-0.67,-0.83,0.0,1,-0.95,0.0,-0.78,0.0
26,2,1,-1.0,-1.0,0.64,0.0,1,1.0,-1.0,-0.66,0.0,1,-1.0,-1.0,-0.1,0.0
26,2,1,1.0,-0.67,0.58,0.25,1,1.0,0.0,0.39,0.38,1,1.0,-0.67,0.22,0.25
26,2,1,-1.0,-0.33,-0.46,0.2,1,0.99,-0.33,0.94,0.2,1,-1.0,-0.33,-0.09,0.2
26,2,1,-0.65,0.33,0.78,0.15,1,0.95,-0.33,-0.8,0.15,1,-0.65,0.67,0.6,0.2
26,2,1,-1.0,-1.0,-0.41,0.0,1,1.0,-1.0,0.42,0.0,1,-1.0,-1.0,0.64,0.0
26,2,1,1.0,0.0,-0.67,0.0,1,1.0,0.33,0.62,0.0,1,1.0,0.33,0.23,0.0
26,2,1,1.0,0.67,-0.22,0.25,1,-1.0,0.67,-0.26,0.25,1,1.0,0.67,0.5,0.25
26,2,1,0.84,0.0,-0.6,0.0,1,-0.81,0.0,-0.9,0.0,1,0.84,0.33,0.7,0.0
26,2,1,-1.0,0.0,-0.93,0.0,1,1.0,0.0,0.96,0.0,1,-1.0,0.0,-0.0,0.0
26,2,1,0.74,0.0,-0.61,0.0,1,1.0,0.0,-0.33,0.03,1,0.74,0.0,-0.94,0.0
26,2,1,1.0,0.33,0.13,0.1,1,0.99,0.67,-0.01,0.0,1,1.0,1.0,0.88,0.0
26,2,1,1.0,-0.67,0.41,0.0,1,0.98,0.0,-0.46,0.0,1,1.0,0.0,0.08,0.0
26,2,1,1.0,0.67,-0.95,0.4,1,1.0,0.0,-0.21,0.4,1,1.0,0.67,-0.07,0.4
26,2,1,-0.99,0.0,-0.26,0.0,1,1.0,-0.67,-0.79,0.4,1,-0.99,0.33,-1.0,0.4
26,2,1,-1.0,-1.0,-0.64,-0.5,1,-1.0,-1.0,-0.73,-0.5,1,-1.0,0.0,-0.8,-0.5
26,2,1,0.96,-0.67,0.21,0.0,1,-0.81,0.0,0.72,0.0,1,0.96,0.0,-0.95,0.0
26,2,1,-1.0,-1.0,0.6,0.0,1,1.0,-1.0,-0.6,0.0,1,-1.0,-1.0,-0.13,0.0
26,2,1,1.0,0.0,-0.43,0.0,1,1.0,0.33,0.88,0.0,1,1.0,0.33,0.85,0.0
26,2,1,0.99,0.67,0.45,0.25,1,1.0,0.67,0.22,0.25,1,0.99,0.67,0.25,0.25
26,2,1,-0.95,-0.67,0.33,0.0,1,0.96,-0.67,-0.89,0.0,1,-0.95,0.0,-0.59,0.0
26,2,1,-1.0,-1.0,-0.92,0.0,1,1.0,-1.0,0.16,0.0,1,-1.0,-1.0,-0.35,0.0
26,2,1,1.0,-0.67,-0.98,0.25,1,1.0,0.0,0.88,0.38,1,1.0,-0.67,-0.26,0.25
26,2,1,-1.0,-0.33,-0.26,0.2,1,1.0,-0.33,0.66,0.2,1,-1.0,-0.33,-0.85,0.2
26,2,1,-0.65,0.33,0.91,0.15,1,-0.99,-0.33,-0.12,0.15,1,-0.65,0.67,0.56,0.2
26,2,1,-1.0,-1.0,0.71,0.0,1,1.0,-1.0,0.01,0.0,1,-1.0,-1.0,0.08,0.0
26,2,1,1.0,0.0,0.69,0.0,1,1.0,0.33,-0.73,0.0,1,1.0,0.33,0.91,0.0
26,2,1,1.0,0.67,-0.21,0.25,1,1.0,0.67,0.53,0.25,1,1.0,0.67,0.04,0.25
26,2,1,0.84,0.0,0.12,0.0,1,-0.93,0.0,-0.46,0.0,1,0.84,0.33,0.45,0.0
26,2,1,-1.0,0.0,-0.31,0.0,1,1.0,0.0,0.72,0.0,1,-1.0,0.0,-0.74,0.0
26,2,1,0.74,0.0,-0.69,0.0,1,1.0,0.0,0.84,0.03,1,0.74,0.0,0.17,0.0
26,2,1,-1.0,0.0,0.54,0.0,1,1.0,0.0,-0.49,0.0,1,-1.0,0.0,-0.21,0.0
26,2,1,1.0,-0.33,0.77,0.2,1,-0.91,-0.33,-0.76,0.2,1,1.0,1.0,0.64,0.2
26,2,1,-0.97,-0.67,0.87,0.0,1,1.0,-0.67,-0.14,0.0,1,-0.97,0.67,-0.69,0.0
26,2,1,-0.71,-0.67,-0.95,0.0,1,1.0,0.0,-0.81,0.0,1,-0.71,-0.67,0.95,0.0
26,2,1,1.0,1.0,-0.2,0.0,1,1.0,0.0,-0.88,0.0,1,1.0,0.0,-0.61,0.0
26,2,1,0.99,0.0,0.97,0.5,1,-1.0,0.0,-0.09,0.5,1,0.99,0.0,-0.43,0.5
26,2,1,1.0,0.0,0.22,0.0,1,1.0,0.0,0.42,0.0,1,1.0,0.0,-0.53,0.0
26,2,1,0.99,0.0,0.98,0.5,1,0.99,0.0,0.14,0.5,1,0.99,0.33,0.85,0.8
26,2,1,-0.99,1.0,0.6,0.0,1,0.99,0.67,0.68,0.0,1,-0.99,-1.0,-0.38,0.0
26,2,1,0.99,0.0,-0.17,0.0,1,0.97,0.0,-0.33,0.0,1,0.99,0.33,0.13,0.0
26,2,1,-1.0,0.0,-0.94,0.0,1,1.0,-0.33,-0.61,0.0,1,-1.0,-0.67,-0.31,0.0
26,2,1,1.0,0.0,-0.17,0.0,1,1.0,0.0,-0.54,0.0,1,1.0,0.0,-0.49,0.0
26,2,1,-1.0,0.33,-0.96,0.0,1,0.99,-0.67,0.25,0.0,1,-1.0,-0.67,0.74,0.0
26,2,1,1.0,0.0,-0.07,0.0,1,-0.92,0.0,0.86,0.05,1,1.0,0.33,0.35,0.05
26,2,1,1.0,0.67,0.15,0.1,1,1.0,0.67,0.08,0.1,1,1.0,1.0,0.84,0.1
26,2,1,-1.0,-1.0,0.36,-0.08,1,1.0,-1.0,-0.67,-0.08,1,-1.0,0.67,-0.75,-0.08
26,2,1,1.0,0.0,0.95,0.0,1,0.99,0.0,0.48,0.0,1,1.0,0.0,-0.07,0.0
26,2,1,0.9,0.0,0.67,0.0,1,-0.99,0.0,-0.18,0.0,1,0.9,0.33,-0.46,0.0
26,2,1,-0.94,1.0,-0.76,0.0,1,1.0,-0.67,0.11,0.0,1,-0.94,-0.67,-0.37,0.0
26,2,1,1.0,0.0,-0.37,0.0,1,0.98,0.0,-0.19,0.0,1,1.0,0.0,-0.43,0.0
26,2,1,0.65,0.0,0.03,0.25,1,0.99,-0.67,-0.07,0.25,1,0.65,0.0,-0.84,0.25
26,2,1,1.0,0.0,-0.13,0.0,1,-0.97,0.0,-0.48,0.0,1,1.0,0.0,0.08,0.0
26,2,1,-0.7,-0.67,0.09,0.0,1,1.0,-0.67,0.7,0.0,1,-0.7,-0.67,-0.09,0.0
26,2,1,1.0,-0.33,0.41,0.2,1,1.0,-0.33,-0.35,0.2,1,1.0,1.0,0.98,0.2
27,2,1,1.0,0.33,-0.72,0.0,1,0.99,0.0,0.51,0.0,1,1.0,0.0,-0.29,0.0
27,2,1,1.0,0.67,0.74,0.4,1,0.97,0.0,-0.99,0.4,1,1.0,0.67,-0.22,0.4
27,2,1,-1.0,0.0,-0.25,0.0,1,1.0,0.0,-0.74,0.0,1,-1.0,0.0,0.29,0.0
27,2,1,1.0,0.0,-0.76,0.0,1,1.0,0.0,0.25,0.0,1,1.0,0.0,-0.9,0.0
27,2,1,0.99,0.0,1.0,0.5,1,0.99,0.0,-0.39,0.5,1,0.99,0.0,-0.39,0.5
27,2,1,-1.0,1.0,0.55,0.03,1,0.95,1.0,-0.02,0.03,1,-1.0,1.0,0.38,0.03
27,2,1,1.0,0.0,-0.36,0.0,1,1.0,0.0,-0.11,0.3,1,1.0,0.0,0.66,0.3
27,2,1,1.0,-0.67,0.29,0.25,1,0.98,0.33,0.08,0.25,1,1.0,0.33,0.19,0.25
27,2,1,1.0,0.0,0.35,0.7,1,-1.0,0.0,0.96,0.7,1,1.0,0.0,0.68,0.42
27,2,1,1.0,0.0,0.9,0.0,1,-0.81,0.0,-0.77,0.0,1,1.0,0.0,-0.92,0.0
27,2,1,0.99,0.0,-0.1,0.0,1,1.0,0.0,0.29,0.0,1,0.99,0.0,0.24,0.14
27,2,1,1.0,-0.67,-0.02,0.0,1,1.0,-0.67,0.75,0.0,1,1.0,-0.67,0.16,0.0
27,2,1,-0.96,-0.67,-0.08,0.0,1,0.96,0.0,0.5,0.0,1,-0.96,0.0,0.29,0.0
27,2,1,1.0,0.0,0.42,0.0,1,-1.0,0.0,-0.14,0.0,1,1.0,0.0,0.1,0.0
27,2,1,0.99,0.0,0.96,0.5,1,1.0,0.0,-0.01,0.5,1,0.99,0.0,0.14,0.5
27,2,1,1.0,0.0,0.88,0.0,1,1.0,0.0,-0.33,0.0,1,1.0,0.33,-0.13,0.5
27,2,1,0.99,0.0,-0.76,0.5,1,-1.0,0.0,0.24,0.5,1,0.99,0.0,0.06,0.5
27,2,1,1.0,0.0,0.24,0.0,1,-1.0,0.0,-0.59,0.0,1,1.0,0.0,0.76,0.0
27,2,1,-1.0,1.0,-0.8,0.0,1,1.0,0.67,-0.2,0.0,1,-1.0,-1.0,0.47,0.2
27,2,1,-1.0,0.0,-0.56,0.0,1,1.0,-0.67,0.91,0.0,1,-1.0,-0.33,-0.38,0.0
27,2,1,1.0,0.0,0.03,0.0,1,-1.0,0.0,-0.36,0.0,1,1.0,0.0,-0.75,0.0
27,2,1,-1.0,-0.67,-0.93,0.0,1,-1.0,0.33,0.09,0.0,1,-1.0,0.33,-0.04,0.0
27,2,1,1.0,0.0,-0.15,0.0,1,1.0,0.0,0.53,0.05,1,1.0,0.0,-0.44,0.0
27,2,1,1.0,0.33,-0.34,0.1,1,1.0,0.33,-0.96,0.1,1,1.0,1.0,-0.26,0.1
27,2,1,-1.0,-1.0,0.95,-0.08,1,-1.0,-1.0,-0.96,-0.08,1,-1.0,-1.0,0.84,-0.08
27,2,1,1.0,0.0,-0.07,0.0,1,0.99,0.0,0.01,0.0,1,1.0,0.0,0.11,0.0
27,2,1,-0.98,0.0,-0.09,0.0,1,1.0,-0.67,-0.02,0.0,1,-0.98,-0.67,0.25,0.0
27,2,1,0.99,0.0,-0.53,0.0,1,1.0,0.0,0.7,0.0,1,0.99,-0.67,0.48,0.25
27,2,1,-0.83,1.0,0.79,0.0,1,1.0,0.67,-0.42,0.1,1,-0.83,0.67,0.61,0.1
27,2,1,0.99,0.0,-0.93,0.25,1,,0.0,0.22,0.25,1,0.99,0.33,0.74,0.25
27,2,1,0.96,0.0,0.21,0.0,1,,0.0,-0.06,0.0,1,0.96,0.0,0.99,0.0
27,2,1,-0.57,-0.67,-0.85,0.0,1,,-0.67,-0.5,0.17,1,-0.57,-0.33,-0.43,0.0
27,2,1,1.0,0.67,-0.22,0.2,1,,0.67,0.24,0.0,1,1.0,1.0,-0.8,0.0
28,2,1,1.0,-0.67,0.61,0.0,1,,0.0,-0.78,0.0,1,1.0,0.0,0.73,0.0
28,2,1,1.0,0.67,0.12,0.4,1,,0.0,-0.68,0.4,1,1.0,0.67,0.37,0.4
28,2,1,0.91,-0.67,-0.84,0.7,1,,-0.67,0.11,0.7,1,0.91,-0.67,-0.61,0.7
28,2,1,0.8,0.0,0.17,0.0,1,,-0.67,0.85,0.0,1,0.8,0.0,-0.05,0.0
28,2,1,-0.76,0.0,0.12,0.0,1,,0.0,-0.49,0.0,1,-0.76,0.0,0.63,0.0
28,2,1,1.0,0.0,0.52,0.0,1,,0.0,0.01,0.3,1,1.0,0.0,-0.36,0.3
28,2,1,1.0,-0.67,0.52,0.25,1,,0.33,-0.41,0.25,1,1.0,0.33,0.4,0.25
28,2,1,-1.0,-0.33,0.07,-0.3,1,,-0.33,-0.24,-0.3,1,-1.0,-0.67,0.64,-0.3
28,2,1,-1.0,-0.67,-0.28,0.4,1,,0.33,-0.14,0.4,1,-1.0,0.33,0.59,0.4
28,2,1,0.97,0.0,-0.04,-0.05,1,,-0.67,0.42,-0.05,1,0.97,0.0,0.31,-0.05
28,2,1,-0.87,-0.33,0.27,0.0,1,,0.67,0.68,0.5,1,-0.87,0.67,-0.93,0.0
28,2,1,-0.51,-1.0,0.09,0.0,1,,-1.0,-0.01,0.3,1,-0.51,-1.0,0.61,0.3
28,2,1,1.0,-0.67,0.57,0.25,1,,0.33,0.1,0.25,1,1.0,0.33,0.45,0.25
28,2,1,-1.0,0.0,0.56,0.2,1,,-0.67,-0.2,0.2,1,-1.0,0.0,0.33,0.2
28,2,1,-0.98,-0.67,0.23,0.5,1,,-0.67,-0.54,0.5,1,-0.98,-0.67,0.67,0.5
28,2,1,-0.51,-1.0,-0.76,0.0,1,,-1.0,0.31,0.3,1,-0.51,-1.0,-0.16,0.3
28,2,1,1.0,-0.67,-0.07,0.25,1,,0.33,-0.43,0.25,1,1.0,0.33,-0.04,0.25
28,2,1,-1.0,-0.33,-0.02,0.2,1,,-0.33,0.38,0.2,1,-1.0,-0.33,0.77,0.2
28,2,1,-0.65,0.33,0.35,0.15,1,,-0.33,-0.26,0.15,1,-0.65,0.67,0.78,0.2
28,2,1,-0.51,-1.0,0.83,0.0,1,,-1.0,0.22,0.3,1,-0.51,-1.0,-0.04,0.3
28,2,1,1.0,-0.67,0.94,0.25,1,,0.33,0.7,0.25,1,1.0,0.33,0.31,0.25
28,2,1,-1.0,-0.67,0.43,0.0,1,,-0.67,0.27,0.0,1,-1.0,-0.67,0.73,0.0
28,2,1,-0.95,-0.67,0.02,0.0,1,,-0.67,0.21,0.0,1,-0.95,0.0,0.64,0.0
28,2,1,-1.0,-1.0,0.42,0.0,1,,-1.0,-0.41,0.0,1,-1.0,-1.0,-0.43,0.0
28,2,1,1.0,0.0,0.53,0.0,1,,0.33,0.94,0.0,1,1.0,0.33,-0.57,0.0
28,2,1,1.0,0.67,0.6,0.25,1,,0.67,-0.58,0.25,1,1.0,0.67,-0.85,0.25
28,2,1,1.0,-0.67,0.5,0.0,1,,-0.67,-0.19,0.0,1,1.0,-0.67,-0.32,0.0
28,2,1,-0.96,-0.67,-0.6,0.0,1,,0.0,-0.17,0.0,1,-0.96,0.0,-0.93,0.0
28,2,1,1.0,0.0,0.33,0.0,1,,0.0,-0.16,0.0,1,1.0,0.0,0.71,0.0
28,2,1,0.99,0.0,0.27,0.5,1,,0.0,0.57,0.5,1,0.99,0.0,-0.22,0.5
28,2,1,1.0,0.0,-0.76,0.0,1,,0.0,-0.89,0.0,1,1.0,0.33,0.04,0.5
28,2,1,0.99,0.0,-0.24,0.5,1,,0.0,-0.52,0.5,1,0.99,0.0,-0.2,0.5
28,2,1,1.0,0.0,-0.8,0.0,1,,0.0,-0.61,0.0,1,1.0,0.0,-0.01,0.0
28,2,1,-1.0,1.0,-0.42,0.0,1,,0.67,-0.54,0.0,1,-1.0,-1.0,0.87,0.2
28,2,1,0.99,0.0,-0.52,0.0,1,,0.0,-0.9,0.0,1,0.99,0.33,-0.29,0.0
28,2,1,-1.0,0.0,0.97,0.0,1,,-0.33,0.3,0.0,1,-1.0,-0.67,-0.98,0.0
28,2,1,-1.0,-0.67,-0.89,0.0,1,,0.33,-0.82,0.0,1,-1.0,0.33,0.64,0.0
28,2,1,1.0,0.0,-0.8,0.0,1,,0.0,0.08,0.05,1,1.0,0.0,-0.99,0.0
28,2,1,1.0,0.33,0.74,0.1,1,,0.33,-0.38,0.1,1,1.0,1.0,0.87,0.1
28,2,1,-1.0,-1.0,0.05,-0.08,1,,-1.0,-0.45,-0.08,1,-1.0,-1.0,-0.56,-0.08
28,2,1,1.0,0.0,-0.31,0.0,1,,0.0,0.17,0.0,1,1.0,0.0,-0.64,0.0
28,2,1,-0.98,0.0,0.9,0.0,1,,-0.67,-0.16,0.0,1,-0.98,-0.67,-0.13,0.0
28,2,1,0.99,0.0,-0.19,0.0,1,,0.0,0.39,0.0,1,0.99,-0.67,0.59,0.25
28,2,1,-0.86,1.0,0.06,0.0,1,,-0.33,-0.22,0.1,1,-0.86,-0.33,-0.18,0.1
28,2,1,1.0,0.0,0.15,0.0,1,,0.0,-0.56,0.0,1,1.0,0.0,0.9,0.0
28,2,1,0.92,0.0,-0.4,0.25,1,,-0.67,0.8,0.25,1,0.92,0.0,0.34,0.25
28,2,1,-0.57,-0.67,0.84,0.0,1,,-0.67,-0.24,0.17,1,-0.57,-0.33,0.84,0.0
28,2,1,1.0,0.0,0.57,0.0,1,,0.0,-0.2,0.0,1,1.0,0.0,0.56,0.0
28,2,1,1.0,-0.33,0.72,0.2,1,,-0.33,0.77,0.2,1,1.0,1.0,0.97,0.2
29,2,1,1.0,0.67,0.48,0.4,1,,0.0,0.34,0.4,1,1.0,0.67,-0.11,0.4
29,2,1,1.0,-0.67,0.13,0.0,1,,-0.67,-0.46,0.0,1,1.0,-0.67,0.57,0.0
29,2,1,0.8,0.0,-0.57,0.0,1,,-0.67,-0.17,0.0,1,0.8,0.0,-0.33,0.0
29,2,1,-0.76,0.0,-0.09,0.0,1,,0.0,0.11,0.0,1,-0.76,0.0,0.69,0.0
29,2,1,1.0,0.67,0.06,0.25,1,,0.67,0.17,0.25,1,1.0,1.0,-0.22,0.25
29,2,1,1.0,0.0,-0.26,0.0,1,,0.0,0.8,0.0,1,1.0,0.0,0.74,0.0
29,2,1,0.93,-0.67,-0.55,0.0,1,,-0.67,-0.37,0.0,1,0.93,-0.67,-0.54,0.0
29,2,1,-0.76,0.0,0.54,0.0,1,,0.0,0.37,0.0,1,-0.76,0.0,-0.87,0.0
29,2,1,1.0,0.67,0.08,0.25,1,,0.67,0.78,0.25,1,1.0,1.0,-0.19,0.25
29,2,1,0.99,-0.33,0.85,0.0,1,,-0.67,-0.38,0.0,1,0.99,0.33,-0.29,0.0
29,2,1,-0.99,-1.0,-0.63,0.05,1,,-0.67,0.38,0.05,1,-0.99,0.0,0.08,0.05
29,2,1,1.0,-0.67,-0.24,0.25,1,,0.0,-0.28,0.38,1,1.0,0.33,-0.17,0.19
29,2,1,-1.0,0.0,0.41,0.0,1,,0.0,0.23,0.0,1,-1.0,0.0,-0.9,0.14
29,2,1,0.7,-0.33,-0.73,0.25,1,,-0.33,0.79,0.25,1,0.7,-0.67,0.15,0.25
29,2,1,-0.96,-1.0,0.5,0.0,1,,-1.0,0.73,0.0,1,-0.96,-1.0,0.9,0.0
29,2,1,-0.76,0.0,-0.71,0.0,1,,0.0,-0.36,0.0,1,-0.76,0.0,-0.16,0.0
29,2,1,1.0,0.0,0.14,0.0,1,,0.0,0.32,0.3,1,1.0,0.0,-0.35,0.3
29,2,1,1.0,-0.67,0.83,0.25,1,,0.33,-0.89,0.25,1,1.0,0.33,0.11,0.25
29,2,1,-1.0,-0.33,0.61,-0.5,1,,-0.33,0.64,-0.5,1,-1.0,-0.33,-0.76,-0.5
29,2,1,1.0,-0.67,-0.98,0.0,1,,-0.67,0.69,0.0,1,1.0,0.33,0.78,0.0
29,2,1,0.8,0.0,0.28,0.0,1,,-0.67,0.21,0.0,1,0.8,0.0,-0.13,0.0
29,2,1,-0.76,0.0,-0.9,0.0,1,,0.0,-0.82,0.0,1,-0.76,0.0,0.73,0.0
29,2,1,1.0,0.0,-0.33,0.0,1,,0.0,-0.69,0.3,1,1.0,0.0,0.09,0.3
29,2,1,1.0,-0.67,0.63,0.25,1,,0.33,-0.98,0.25,1,1.0,0.33,-0.29,0.25
29,2,1,-0.97,-0.67,-0.27,0.0,1,,-0.67,0.42,0.0,1,-0.97,0.67,0.77,0.0
29,2,1,-0.71,-0.67,-0.95,0.0,1,,0.0,-0.21,0.0,1,-0.71,-0.67,-0.66,0.0
29,2,1,1.0,1.0,0.29,0.0,1,,0.0,-0.8,0.0,1,1.0,0.0,-0.74,0.0
29,2,1,0.99,0.0,0.69,0.5,1,,0.0,0.95,0.5,1,0.99,0.0,0.47,0.5
29,2,1,1.0,0.0,0.89,0.0,1,,0.0,-0.73,0.0,1,1.0,0.0,0.21,0.0
29,2,1,0.99,0.0,0.48,0.5,1,,0.0,-0.5,0.5,1,0.99,0.33,-0.68,0.8
29,2,1,1.0,0.0,0.17,0.0,1,,0.0,0.31,0.0,1,1.0,0.0,0.16,0.0
29,2,1,-0.99,0.0,0.77,0.0,1,,-1.0,0.84,0.0,1,-0.99,-1.0,-0.17,0.2
29,2,1,0.99,0.0,0.84,0.0,1,,0.0,0.57,0.0,1,0.99,0.0,-0.55,0.0
29,2,1,-1.0,0.0,0.79,0.0,1,,-0.67,-0.73,0.0,1,-1.0,-0.33,-0.37,0.0
29,2,1,-0.99,0.33,-0.26,0.0,1,,-0.67,-0.12,0.0,1,-0.99,-0.67,-0.81,0.0
29,2,1,1.0,0.0,0.19,0.0,1,,0.33,0.95,0.05,1,1.0,0.33,-0.59,0.05
29,2,1,1.0,0.67,0.45,0.1,1,,0.67,-0.72,0.1,1,1.0,1.0,0.96,0.1
29,2,1,-1.0,-1.0,-0.52,-0.08,1,,-1.0,-0.05,-0.08,1,-1.0,0.67,0.46,-0.08
29,2,1,1.0,0.0,-0.12,0.0,1,,0.0,-0.23,0.0,1,1.0,0.0,-0.94,0.0
29,2,1,0.9,0.0,-0.23,0.0,1,,0.0,-0.94,0.0,1,0.9,0.33,-0.14,0.0
29,2,1,0.78,0.0,-0.5,0.0,1,,0.0,-0.55,0.0,1,0.78,0.67,0.27,0.0
29,2,1,1.0,0.0,-0.7,0.0,1,,0.0,-0.11,0.0,1,1.0,-0.33,0.95,0.1
29,2,1,0.99,1.0,-0.69,0.0,1,,1.0,0.83,0.0,1,0.99,0.0,0.17,0.0
29,2,1,0.99,0.0,-0.45,0.25,1,,0.0,0.5,0.25,1,0.99,0.33,-0.52,0.25
29,2,1,-0.98,-0.67,0.87,0.0,1,,-0.67,-0.12,0.12,1,-0.98,-0.67,0.81,0.0
29,2,1,1.0,0.0,0.48,0.0,1,,0.0,-0.44,0.0,1,1.0,0.0,0.22,0.0
29,2,1,1.0,0.67,0.31,0.2,1,,0.67,-0.53,0.0,1,1.0,1.0,0.61,0.0
30,2,1,1.0,-0.67,-0.5,0.0,1,,0.0,0.83,0.0,1,1.0,0.0,-0.82,0.0
30,2,1,1.0,0.67,-0.03,0.4,1,,0.0,-0.36,0.4,1,1.0,0.67,-0.12,0.4
30,2,1,-1.0,-0.67,0.84,0.2,1,,-0.67,0.86,0.2,1,-1.0,-0.67,0.77,0.2
30,2,1,-1.0,-1.0,0.44,-0.5,1,,-1.0,-0.74,-0.5,1,-1.0,0.33,-0.14,-0.5
30,2,1,0.99,-0.67,0.02,0.0,1,,-0.67,0.77,0.0,1,0.99,-0.67,-0.18,0.0
30,2,1,-1.0,-1.0,-0.36,-0.5,1,,-1.0,-0.47,-0.5,1,-1.0,0.33,-0.71,-0.5
30,2,1,-0.99,-0.67,0.65,0.0,1,,-0.33,0.36,0.0,1,-0.99,0.67,0.2,0.17
30,2,1,-1.0,-1.0,-0.53,-0.5,1,,-1.0,-0.55,-0.5,1,-1.0,0.33,-0.72,-0.5
30,2,1,-0.99,-0.67,0.22,0.0,1,,-0.33,-0.23,0.0,1,-0.99,0.67,-0.17,0.17
30,2,1,-1.0,-1.0,0.68,0.0,1,,-0.33,-0.72,0.0,1,-1.0,-0.67,0.43,0.0
30,2,1,-0.98,-0.67,-0.22,0.0,1,,-0.67,0.13,0.0,1,-0.98,-0.67,-0.9,0.0
30,2,1,-0.99,0.0,-0.25,0.0,1,,0.0,-0.03,0.0,1,-0.99,0.0,0.55,0.0
30,2,1,-1.0,-0.33,-0.13,-0.5,1,,-1.0,-0.54,-0.5,1,-1.0,-0.33,-0.01,-0.5
30,2,1,-0.99,0.0,0.7,0.0,1,,0.0,-0.89,0.0,1,-0.99,0.0,-0.36,0.0
30,2,1,1.0,-0.67,-0.05,0.0,1,,-0.67,-0.7,0.0,1,1.0,-0.67,0.88,0.0
30,2,1,-0.96,-0.67,0.62,0.0,1,,0.0,0.58,0.0,1,-0.96,0.0,-0.48,0.0
30,2,1,1.0,0.0,0.33,0.0,1,,0.0,-0.34,0.0,1,1.0,0.0,-0.03,0.0
30,2,1,0.99,0.0,-0.69,0.5,1,,0.0,0.67,0.5,1,0.99,0.0,-0.96,0.5
30,2,1,1.0,0.0,0.55,0.0,1,,0.0,0.38,0.0,1,1.0,0.33,-0.43,0.5
30,2,1,0.99,0.0,0.49,0.5,1,,0.0,0.09,0.5,1,0.99,0.0,-0.12,0.5
30,2,1,1.0,0.0,0.14,0.0,1,,0.0,-0.19,0.0,1,1.0,0.0,-0.95,0.0
30,2,1,-1.0,1.0,-0.28,0.0,1,,0.67,0.36,0.0,1,-1.0,-1.0,-0.62,0.2
30,2,1,0.99,0.0,0.41,0.0,1,,0.0,0.57,0.0,1,0.99,0.33,0.89,0.0
30,2,1,-1.0,0.0,-0.52,0.0,1,,-0.33,0.92,0.0,1,-1.0,-0.67,0.78,0.0
30,2,1,1.0,0.0,0.28,0.0,1,,0.0,0.7,0.0,1,1.0,0.0,0.47,0.0
30,2,1,-0.99,0.33,-0.02,0.0,1,,0.33,-0.57,0.03,1,-0.99,-0.67,0.1,0.0
30,2,1,1.0,0.33,-0.58,0.1,1,,0.33,0.97,0.1,1,1.0,1.0,0.04,0.1
30,2,1,-1.0,-1.0,0.62,-0.08,1,,-1.0,-0.15,-0.08,1,-1.0,-1.0,-0.1,-0.08
30,2,1,1.0,0.0,-0.56,0.0,1,,0.0,0.8,0.0,1,1.0,0.0,0.65,0.0
30,2,1,-0.98,0.0,-0.13,0.0,1,,-0.67,-0.01,0.0,1,-0.98,-0.67,0.35,0.0
30,2,1,0.99,0.0,-0.54,0.0,1,,0.0,-0.89,0.0,1,0.99,-0.67,-0.66,0.25
30,2,1,-0.86,1.0,-0.71,0.0,1,,-0.33,0.76,0.1,1,-0.86,-0.33,-0.99,0.1
30,2,1,1.0,0.0,-0.97,0.0,1,,0.0,0.33,0.0,1,1.0,0.0,-0.22,0.0
30,2,1,0.65,0.0,-0.82,0.25,1,,-0.67,0.09,0.25,1,0.65,0.0,0.28,0.25
30,2,1,1.0,0.0,0.94,0.0,1,,0.0,-0.36,0.0,1,1.0,0.0,-0.76,0.0
30,2,1,-0.7,-0.67,0.91,0.0,1,,-0.67,0.28,0.0,1,-0.7,-0.67,-0.85,0.0
30,2,1,1.0,-0.33,0.58,0.2,1,,-0.33,-0.57,0.2,1,1.0,1.0,0.89,0.2
31,2,1,1.0,0.33,0.53,0.0,1,,0.0,0.82,0.0,1,1.0,0.0,-0.16,0.0
31,2,1,1.0,0.67,0.49,0.4,1,,0.0,0.36,0.4,1,1.0,0.67,-0.02,0.4
31,2,1,-0.99,0.0,0.75,0.0,1,,-0.67,-0.52,0.0,1,-0.99,0.0,-0.26,0.0
31,2,1,-0.76,0.0,0.61,0.0,1,,0.0,-0.34,0.0,1,-0.76,0.0,-0.82,0.0
31,2,1,1.0,0.0,0.41,0.0,1,,0.0,-0.46,0.3,1,1.0,0.0,-0.04,0.3
31,2,1,1.0,-0.67,-0.06,0.25,1,,0.33,0.42,0.25,1,1.0,0.33,-0.57,0.25
31,2,1,-1.0,0.33,0.01,0.07,1,,0.33,0.21,0.07,1,-1.0,0.33,-0.6,0.07
31,2,1,-0.76,0.0,-0.45,0.0,1,,0.0,0.45,0.0,1,-0.76,0.0,0.85,0.0
31,2,1,-1.0,0.33,-0.29,0.03,1,,0.33,-0.36,0.03,1,-1.0,0.33,-0.25,0.03
31,2,1,-0.76,0.0,-0.11,0.0,1,,0.0,-0.26,0.0,1,-0.76,0.0,-0.88,0.0
31,2,1,1.0,0.0,-0.13,0.0,1,,0.0,0.82,0.3,1,1.0,0.0,0.84,0.3
31,2,1,1.0,-0.67,-0.53,0.25,1,,0.0,0.6,0.25,1,1.0,1.0,-0.85,0.19
31,2,1,-1.0,-1.0,0.48,0.05,1,,-0.67,0.96,0.05,1,-1.0,0.0,0.31,0.05
31,2,1,-0.76,0.0,-0.28,0.0,1,,0.0,-0.68,0.0,1,-0.76,0.0,0.29,0.0
31,2,1,1.0,0.0,0.71,0.0,1,,0.0,-0.17,0.3,1,1.0,0.0,-0.4,0.3
31,2,1,1.0,-0.67,0.04,0.25,1,,0.33,0.91,0.25,1,1.0,0.33,0.13,0.25
31,2,1,-0.99,-1.0,-0.22,0.05,1,,-1.0,0.5,0.05,1,-0.99,0.0,-0.83,0.05
31,2,1,-0.76,0.0,-0.72,0.0,1,,0.0,-0.85,0.0,1,-0.76,0.0,-0.88,0.0
31,2,1,1.0,0.0,0.09,0.0,1,,0.0,0.34,0.3,1,1.0,0.0,-0.96,0.3
31,2,1,1.0,-0.67,0.04,0.25,1,,0.33,0.19,0.25,1,1.0,0.33,-0.36,0.25
31,2,1,0.82,-0.67,-0.21,0.0,1,,-0.67,0.85,0.0,1,0.82,-0.67,0.52,0.0
31,2,1,-0.76,0.0,-0.05,0.0,1,,0.0,0.08,0.0,1,-0.76,0.0,0.21,0.0
31,2,1,1.0,0.0,-0.82,0.0,1,,0.0,-0.01,0.3,1,1.0,0.0,0.02,0.3
31,2,1,1.0,-0.67,-0.14,0.25,1,,0.33,0.01,0.25,1,1.0,0.33,-0.95,0.25
31,2,1,-0.97,-0.67,-0.69,0.25,1,,-0.33,-0.5,0.25,1,-0.97,-0.67,0.08,0.25
31,2,1,-0.76,0.0,0.49,0.0,1,,0.0,0.3,0.0,1,-0.76,0.0,0.8,0.0
31,2,1,1.0,0.0,0.23,0.0,1,,0.0,-0.99,0.3,1,1.0,0.0,0.42,0.3
31,2,1,1.0,-0.67,-0.29,0.25,1,,0.33,0.48,0.25,1,1.0,0.33,-0.76,0.25
31,2,1,1.0,0.0,0.47,0.0,1,,0.0,0.56,0.0,1,1.0,0.0,-0.9,0.0
31,2,1,-1.0,-0.33,0.95,-0.5,1,,-1.0,-0.75,-0.5,1,-1.0,-0.33,0.13,-0.5
31,2,1,1.0,0.0,-0.62,0.0,1,,0.0,0.98,0.0,1,1.0,0.0,-0.87,0.0
31,2,1,-1.0,-0.33,-0.14,-0.5,1,,-1.0,0.94,-0.5,1,-1.0,-0.33,-0.66,-0.5
31,2,1,0.93,0.0,0.8,0.0,1,,0.0,-0.62,0.0,1,0.93,0.0,0.54,0.0
31,2,1,-1.0,-0.67,-0.75,-0.5,1,,0.0,-0.86,-0.5,1,-1.0,1.0,-0.56,-0.18
31,2,1,-0.97,-0.67,-0.54,0.0,1,,-0.67,0.14,0.0,1,-0.97,0.67,-0.01,0.0
31,2,1,-0.71,-0.67,0.61,0.0,1,,0.0,-0.7,0.0,1,-0.71,-0.67,0.5,0.0
31,2,1,1.0,1.0,-0.25,0.0,1,,0.0,-0.41,0.0,1,1.0,0.0,-0.9,0.0
31,2,1,0.99,0.0,0.79,0.5,1,,0.0,0.4,0.5,1,0.99,0.0,-0.44,0.5
31,2,1,1.0,0.0,-0.83,0.0,1,,0.0,0.32,0.0,1,1.0,0.0,0.61,0.0
31,2,1,0.99,0.0,-0.72,0.5,1,,0.0,-0.57,0.5,1,0.99,0.33,-0.39,0.8
31,2,1,1.0,0.0,-0.2,0.0,1,,0.0,-0.64,0.0,1,1.0,0.0,0.78,0.0
31,2,1,-0.99,0.0,0.24,0.0,1,,-1.0,-0.81,0.0,1,-0.99,-1.0,-0.99,0.2
31,2,1,0.99,0.0,0.01,0.0,1,,0.0,-0.44,0.0,1,0.99,0.0,0.37,0.0
31,2,1,-1.0,0.0,-0.91,0.0,1,,-0.67,0.77,0.0,1,-1.0,-0.33,-0.0,0.0
31,2,1,1.0,0.0,-0.76,0.0,1,,0.0,-0.36,0.0,1,1.0,0.0,-0.8,0.0
31,2,1,-1.0,-0.67,0.04,0.0,1,,0.33,0.48,0.0,1,-1.0,0.33,-0.81,0.0
31,2,1,1.0,0.67,-0.04,0.07,1,,1.0,0.15,0.08,1,1.0,1.0,0.67,0.07
31,2,1,-1.0,-1.0,0.17,-0.08,1,,-1.0,0.44,-0.08,1,-1.0,0.67,0.94,-0.08
31,2,1,1.0,0.0,0.84,0.0,1,,0.0,0.12,0.0,1,1.0,0.0,0.83,0.0
31,2,1,0.9,0.0,0.79,0.0,1,,0.0,0.29,0.0,1,0.9,0.33,0.33,0.0
31,2,1,0.78,0.0,0.43,0.0,1,,0.0,0.45,0.0,1,0.78,0.67,0.21,0.0
31,2,1,1.0,0.0,-1.0,0.0,1,,0.0,-0.22,0.0,1,1.0,-0.33,0.23,0.1
31,2,1,0.99,1.0,-0.61,0.0,1,,1.0,0.75,0.0,1,0.99,0.0,0.99,0.0
31,2,1,0.99,0.0,0.93,0.25,1,,0.0,-0.3,0.25,1,0.99,0.33,0.28,0.25
31,2,1,0.96,0.0,-0.98,0.0,1,,0.0,0.29,0.0,1,0.96,0.0,0.69,0.0
31,2,1,-0.57,-0.67,-0.7,0.0,1,,-0.67,-0.81,0.17,1,-0.57,-0.33,0.83,0.0
31,2,1,1.0,0.67,0.28,0.2,1,,0.67,0.56,0.0,1,1.0,1.0,0.13,0.0
