C_num,UB,User_gender,eng_bf,eng_dbert,eng_gru,eng_random,eng_textblob,spa_bf,spa_dbert,spa_gru,spa_random,spa_textblob,dan_bf,dan_dbert,dan_gru,dan_random,dan_textblob
1,0,0,-1,1.0,0.67,-0.92,0.21,-1,1.0,-1.0,0.3,0.21,-1,1.0,0.67,-0.82,0.21
1,1,0,-1,1.0,-0.67,0.66,0.0,-1,1.0,-0.67,-0.18,0.0,-1,1.0,0.0,-0.16,0.0
1,0,0,-1,-0.99,0.67,-0.26,0.01,-1,-0.99,0.67,-0.74,0.0,-1,-0.99,0.67,-0.48,0.01
1,1,0,-1,0.99,0.0,0.79,0.0,-1,0.99,0.0,0.04,0.0,-1,0.99,0.33,-0.28,0.0
1,0,0,-1,0.99,0.0,-0.08,0.75,-1,0.99,-1.0,0.16,0.88,-1,0.99,-1.0,-1.0,0.88
1,1,0,-1,0.99,-0.33,0.04,0.0,-1,0.99,-0.33,0.35,0.0,-1,0.99,-0.67,0.98,0.0
1,0,0,-1,-0.8,0.0,-0.83,-0.1,-1,-0.8,0.33,-0.05,-0.09,-1,-0.8,1.0,0.31,-0.08
1,1,0,-1,0.99,0.0,-0.41,0.0,-1,0.99,0.0,0.71,0.0,-1,0.99,0.0,0.49,-0.08
1,0,0,-1,1.0,-0.33,0.93,1.0,-1,1.0,-1.0,0.29,1.0,-1,1.0,1.0,0.23,1.0
1,1,0,-1,0.99,0.33,-0.24,0.0,-1,0.99,0.33,-0.65,0.0,-1,0.99,0.0,-0.3,0.0
1,0,0,-1,-0.75,0.0,0.3,0.05,-1,-0.75,0.33,-0.9,0.01,-1,-0.75,1.0,-0.38,0.03
1,1,0,-1,0.99,0.0,-0.9,0.0,-1,0.99,0.0,0.12,0.0,-1,0.99,0.0,-0.4,-0.08
1,0,0,-1,1.0,0.0,-0.51,1.0,-1,1.0,-0.67,0.37,1.0,-1,1.0,0.67,-0.36,0.88
1,1,0,-1,0.99,-0.33,0.1,0.0,-1,0.99,-0.33,-0.75,0.0,-1,0.99,-0.67,0.41,0.0
1,0,0,-1,-0.99,-0.33,0.87,0.03,-1,-0.99,-0.67,-0.92,-0.01,-1,-0.99,0.33,-0.15,-0.01
1,1,0,-1,0.95,0.0,0.42,0.0,-1,0.95,0.0,-0.84,0.0,-1,0.95,0.0,-0.31,-0.08
1,0,0,-1,0.99,-0.67,0.45,0.62,-1,0.99,-1.0,-0.79,0.62,-1,0.99,-1.0,-0.91,0.62
1,1,0,-1,0.99,-0.67,0.91,0.0,-1,0.99,-0.67,-0.09,0.0,-1,0.99,-0.67,0.5,0.0
1,0,0,-1,0.99,0.33,0.9,0.0,-1,0.99,0.33,-0.01,-0.02,-1,0.99,0.33,0.61,-0.01
1,1,0,-1,0.99,0.0,-0.02,0.0,-1,0.99,0.0,-0.36,0.0,-1,0.99,0.0,-0.3,-0.08
1,0,0,-1,0.99,-0.67,-0.41,0.62,-1,0.99,-1.0,-0.12,0.62,-1,0.99,-1.0,0.88,0.62
1,1,0,-1,0.99,-0.67,-0.24,0.0,-1,0.99,-0.67,-0.2,0.0,-1,0.99,0.0,0.31,0.0
1,0,0,-1,-0.8,-0.33,0.55,0.0,-1,-0.8,-0.33,-0.36,0.05,-1,-0.8,0.33,0.97,0.0
1,1,0,-1,0.99,0.0,0.29,0.0,-1,0.99,0.0,-0.47,0.0,-1,0.99,0.33,-0.55,0.0
1,0,0,-1,0.99,-0.67,0.98,0.62,-1,0.99,-1.0,-0.42,0.62,-1,0.99,-1.0,0.14,0.62
1,1,0,-1,0.99,-0.67,-0.0,0.0,-1,0.99,-0.67,0.43,0.0,-1,0.99,0.0,0.01,0.0
1,0,0,-1,-0.99,-0.33,-0.23,0.04,-1,-0.99,0.33,0.07,0.07,-1,-0.99,0.33,0.78,0.02
1,1,0,-1,0.99,0.0,-0.94,0.0,-1,0.99,0.0,0.8,0.0,-1,0.99,0.33,-0.15,0.0
1,0,0,-1,0.99,0.0,-0.25,0.75,-1,0.99,-1.0,0.1,0.88,-1,0.99,-1.0,0.63,0.88
1,1,0,-1,0.99,-0.67,0.35,0.0,-1,0.99,-0.67,-0.06,0.0,-1,0.99,0.0,0.67,0.0
1,0,0,-1,-0.99,0.33,-0.6,0.03,-1,-0.99,0.33,-0.45,-0.02,-1,-0.99,0.33,0.67,0.01
1,1,0,-1,0.99,0.0,0.63,0.0,-1,0.99,0.0,-0.58,0.0,-1,0.99,0.33,0.28,0.0
1,0,0,-1,1.0,-0.33,-0.59,1.0,-1,1.0,-1.0,-0.98,1.0,-1,1.0,1.0,0.12,1.0
1,1,0,-1,0.99,-0.33,0.11,0.0,-1,0.99,-0.33,0.4,0.0,-1,0.99,0.0,0.48,0.0
1,0,0,-1,0.99,0.0,-0.01,0.04,-1,0.99,0.33,-0.67,0.04,-1,0.99,0.33,0.36,0.03
1,1,0,-1,0.99,0.0,0.51,0.0,-1,0.99,0.0,0.32,0.0,-1,0.99,0.33,-0.87,0.0
1,0,0,-1,1.0,0.67,0.98,0.24,-1,1.0,-1.0,-0.03,0.22,-1,1.0,0.67,-0.42,0.22
2,1,1,-1,1.0,0.0,0.57,0.0,-1,1.0,0.0,0.44,0.0,-1,1.0,0.0,-0.89,0.0
2,0,1,-1,0.96,0.33,0.39,0.03,-1,0.96,0.67,-0.47,0.01,-1,0.96,0.67,-0.72,0.02
2,1,1,-1,1.0,0.0,-0.79,0.0,-1,1.0,0.0,0.05,0.0,-1,1.0,0.0,-0.4,0.0
2,0,1,-1,1.0,-0.33,-0.8,0.2,-1,1.0,-0.33,0.08,0.24,-1,1.0,-0.67,0.94,0.17
2,1,1,-1,0.98,-0.67,0.13,0.0,-1,0.98,-0.67,0.96,0.0,-1,0.98,-0.67,-0.88,0.0
2,0,1,-1,-0.99,0.67,0.03,0.01,-1,-0.99,0.67,0.41,0.0,-1,-0.99,0.67,-0.86,0.01
2,1,1,-1,1.0,0.0,-0.89,0.0,-1,1.0,0.0,-0.9,0.0,-1,1.0,0.0,-0.53,0.0
2,0,1,-1,0.99,-0.67,0.85,0.62,-1,0.99,-1.0,0.83,0.62,-1,0.99,-1.0,0.8,0.62
2,1,1,-1,1.0,-0.67,-0.46,0.0,-1,1.0,-0.67,-0.59,0.0,-1,1.0,-0.67,0.67,0.0
2,0,1,-1,-0.8,0.0,0.11,-0.1,-1,-0.8,0.33,0.75,-0.09,-1,-0.8,0.67,-0.74,-0.08
2,1,1,-1,1.0,0.0,0.07,0.0,-1,1.0,0.0,0.94,0.0,-1,1.0,0.0,0.18,-0.08
2,0,1,-1,1.0,-0.33,0.88,1.0,-1,1.0,-1.0,-0.12,1.0,-1,1.0,1.0,0.22,1.0
2,1,1,-1,1.0,-0.67,-0.84,0.0,-1,1.0,-0.67,0.14,0.0,-1,1.0,-0.67,-0.4,0.0
2,0,1,-1,-0.75,0.0,0.19,0.05,-1,-0.75,0.33,0.23,0.01,-1,-0.75,1.0,0.55,0.03
2,1,1,-1,1.0,0.0,0.87,0.0,-1,1.0,0.0,0.93,0.0,-1,1.0,0.0,0.71,-0.08
2,0,1,-1,1.0,-0.33,-0.85,1.0,-1,1.0,-1.0,0.76,1.0,-1,1.0,1.0,0.86,1.0
2,1,1,-1,1.0,-0.67,-0.98,0.0,-1,1.0,-0.67,-0.78,0.0,-1,1.0,-0.67,0.65,0.0
2,0,1,-1,-0.99,-0.33,-0.78,0.03,-1,-0.99,-0.67,0.78,-0.01,-1,-0.99,-0.33,0.09,-0.01
2,1,1,-1,1.0,0.0,-0.88,0.0,-1,1.0,0.0,0.54,0.0,-1,1.0,0.0,-0.55,-0.08
2,0,1,-1,0.99,0.0,0.9,0.75,-1,0.99,-1.0,-0.84,0.88,-1,0.99,-1.0,0.2,0.88
2,1,1,-1,1.0,-0.67,-0.51,0.0,-1,1.0,-0.67,0.77,0.0,-1,1.0,-0.67,0.49,0.0
2,0,1,-1,0.99,0.33,0.27,0.0,-1,0.99,0.33,-0.62,-0.02,-1,0.99,0.33,-0.42,-0.01
2,1,1,-1,1.0,0.0,0.87,0.0,-1,1.0,0.0,-0.65,0.0,-1,1.0,0.0,0.38,0.0
2,0,1,-1,1.0,-0.33,0.36,1.0,-1,1.0,-1.0,-0.22,1.0,-1,1.0,1.0,-0.55,1.0
2,1,1,-1,1.0,0.0,-0.19,0.0,-1,1.0,0.0,-0.08,0.0,-1,1.0,0.0,0.7,0.0
2,0,1,-1,-0.8,-0.33,-0.72,0.0,-1,-0.8,-0.33,-0.89,0.05,-1,-0.8,0.33,-0.59,0.0
2,1,1,-1,1.0,0.0,0.63,0.0,-1,1.0,0.0,-0.24,0.0,-1,1.0,0.0,0.4,0.0
2,0,1,-1,1.0,-0.33,0.97,1.0,-1,1.0,-1.0,-0.88,1.0,-1,1.0,1.0,-0.88,1.0
2,1,1,-1,1.0,0.0,-0.78,0.0,-1,1.0,0.0,0.87,0.0,-1,1.0,0.0,0.45,0.0
2,0,1,-1,-0.8,-0.33,0.23,0.0,-1,-0.8,-0.33,-0.81,0.05,-1,-0.8,0.33,-0.38,0.0
2,1,1,-1,0.99,-0.67,0.39,0.0,-1,0.99,-0.67,-0.73,0.0,-1,0.99,-0.67,0.08,0.0
2,0,1,-1,-0.99,-0.33,-0.27,0.04,-1,-0.99,0.33,-0.69,0.07,-1,-0.99,0.33,0.82,0.02
2,1,1,-1,1.0,0.0,0.71,0.0,-1,1.0,0.0,-0.62,0.0,-1,1.0,0.0,-0.25,0.0
2,0,1,-1,0.99,0.0,0.81,0.75,-1,0.99,-1.0,-0.79,0.88,-1,0.99,-1.0,0.48,0.88
2,1,1,-1,0.99,-0.67,0.89,0.0,-1,0.99,-0.67,0.02,0.0,-1,0.99,-0.67,0.35,0.0
2,0,1,-1,-0.99,0.33,0.87,0.03,-1,-0.99,0.33,0.78,-0.02,-1,-0.99,0.33,-0.87,0.01
2,1,1,-1,1.0,0.0,0.4,0.0,-1,1.0,0.0,-0.25,0.0,-1,1.0,0.0,0.58,-0.08
2,0,1,-1,0.99,0.0,-0.29,0.75,-1,0.99,-1.0,0.96,0.88,-1,0.99,-1.0,0.3,0.88
2,1,1,-1,0.99,-0.67,-0.07,0.0,-1,0.99,-0.67,0.18,0.0,-1,0.99,-0.67,0.36,0.0
2,0,1,-1,0.99,0.0,-0.03,0.04,-1,0.99,0.33,0.29,0.04,-1,0.99,0.33,0.55,0.03
2,1,1,-1,1.0,0.0,-0.52,0.0,-1,1.0,0.0,-0.51,0.0,-1,1.0,0.0,0.41,0.0
2,0,1,-1,1.0,0.67,-0.76,0.28,-1,1.0,-1.0,0.99,0.3,-1,1.0,-1.0,0.5,0.3
3,1,2,1,0.53,0.0,1.0,0.0,1,0.53,0.0,0.78,0.0,1,0.53,0.0,-0.86,0.0
3,0,2,1,1.0,-0.33,0.54,1.0,1,1.0,-0.33,-0.07,1.0,1,1.0,0.0,-0.7,0.5
3,1,2,1,0.99,-0.67,-0.39,0.0,1,0.99,-0.67,-0.07,0.0,1,0.99,-0.67,0.4,0.0
3,0,2,1,-0.99,0.67,-0.65,0.01,1,-0.99,0.67,0.14,0.0,1,-0.99,0.67,-0.7,0.01
3,1,2,1,1.0,0.0,-0.52,0.0,1,1.0,0.0,0.86,0.0,1,1.0,0.0,-0.34,0.0
3,0,2,1,0.99,-0.67,0.06,0.62,1,0.99,-1.0,0.97,0.62,1,0.99,-1.0,0.58,0.62
3,1,2,1,1.0,-0.67,0.75,0.0,1,1.0,-0.67,-0.15,0.0,1,1.0,-0.67,-0.44,0.0
3,0,2,1,-0.99,0.67,0.96,0.01,1,-0.99,0.67,-0.03,0.0,1,-0.99,0.67,-0.83,0.01
3,1,2,1,1.0,0.0,-0.32,0.0,1,1.0,0.0,0.9,0.0,1,1.0,0.0,-0.12,0.0
3,0,2,1,1.0,0.0,-0.88,1.0,1,1.0,-0.67,-0.09,1.0,1,1.0,0.67,0.73,0.88
3,1,2,1,1.0,-0.67,-0.76,0.0,1,1.0,-0.67,-0.14,0.0,1,1.0,-0.67,0.65,0.0
3,0,2,1,-0.8,0.0,-0.74,-0.1,1,-0.8,0.33,-0.46,-0.09,1,-0.8,0.67,-0.18,-0.08
3,1,2,1,1.0,0.0,-0.34,0.0,1,1.0,0.0,0.41,0.0,1,1.0,0.0,0.48,0.0
3,0,2,1,1.0,-0.67,0.37,0.42,1,1.0,-1.0,-0.76,0.25,1,1.0,0.67,-0.53,0.25
3,1,2,1,1.0,-0.67,-0.28,0.0,1,1.0,-0.67,0.05,0.0,1,1.0,-0.67,0.67,0.0
3,0,2,1,-0.84,0.0,0.85,0.05,1,-0.84,0.33,-0.99,0.03,1,-0.84,0.33,-0.74,0.03
3,1,2,1,1.0,0.0,0.29,0.0,1,1.0,0.0,-0.59,0.0,1,1.0,0.0,-0.24,0.0
3,0,2,1,1.0,-0.33,-0.86,1.0,1,1.0,-1.0,0.85,1.0,1,1.0,1.0,0.31,1.0
3,1,2,1,1.0,-0.67,-0.16,0.0,1,1.0,-0.67,0.84,0.0,1,1.0,-0.67,0.7,0.0
3,0,2,1,-0.99,-0.33,0.62,0.03,1,-0.99,-0.67,0.03,-0.01,1,-0.99,0.33,-0.06,-0.01
3,1,2,1,1.0,0.0,-0.9,0.0,1,1.0,0.0,-0.23,0.0,1,1.0,0.0,0.9,0.0
3,0,2,1,1.0,-0.33,-0.31,1.0,1,1.0,-1.0,0.38,1.0,1,1.0,1.0,0.87,1.0
3,1,2,1,1.0,-0.67,-0.14,0.0,1,1.0,-0.67,0.41,0.0,1,1.0,-0.67,0.71,0.0
3,0,2,1,0.99,0.33,-0.81,0.0,1,0.99,0.33,0.08,-0.02,1,0.99,0.33,0.17,-0.01
3,1,2,1,1.0,0.0,0.15,0.0,1,1.0,0.0,-0.59,0.0,1,1.0,0.0,0.0,0.0
3,0,2,1,0.99,0.0,-0.09,0.75,1,0.99,-1.0,-0.91,0.88,1,0.99,-1.0,0.44,0.88
3,1,2,1,1.0,-0.67,-0.55,0.0,1,1.0,-0.67,-0.33,0.0,1,1.0,-0.67,0.23,0.0
3,0,2,1,-0.8,-0.33,-0.91,0.0,1,-0.8,-0.33,0.65,0.05,1,-0.8,0.33,-0.39,0.0
3,1,2,1,1.0,0.0,-0.62,0.0,1,1.0,0.0,-0.3,0.0,1,1.0,0.0,0.65,0.0
3,0,2,1,1.0,-0.67,0.26,0.42,1,1.0,-1.0,0.23,0.25,1,1.0,0.67,0.61,0.25
3,1,2,1,1.0,-0.67,-0.27,0.0,1,1.0,-0.67,0.14,0.0,1,1.0,-0.67,-0.91,0.0
3,0,2,1,-0.99,-0.33,0.15,0.04,1,-0.99,0.33,0.57,0.07,1,-0.99,0.33,0.3,0.02
3,1,2,1,1.0,0.0,0.41,0.0,1,1.0,0.0,0.19,0.0,1,1.0,0.0,0.63,0.0
3,0,2,1,1.0,0.0,0.64,1.0,1,1.0,-0.67,-0.7,1.0,1,1.0,0.67,0.38,0.88
3,1,2,1,1.0,-0.67,0.19,0.0,1,1.0,-0.67,-0.99,0.0,1,1.0,-0.67,0.92,0.0
3,0,2,1,-0.99,0.33,-0.87,0.03,1,-0.99,-0.67,0.58,-0.02,1,-0.99,-0.67,-0.94,0.01
3,1,2,1,1.0,0.0,0.61,0.0,1,1.0,0.0,0.01,0.0,1,1.0,0.0,-0.18,0.0
3,0,2,1,0.99,-0.67,0.65,0.62,1,0.99,-1.0,0.32,0.62,1,0.99,-1.0,0.32,0.62
3,1,2,1,1.0,-0.67,0.59,0.0,1,1.0,-0.67,-0.05,0.0,1,1.0,-0.67,-0.69,0.0
3,0,2,1,0.99,0.0,0.38,0.04,1,0.99,0.33,-0.68,0.04,1,0.99,0.33,0.25,0.03
3,1,2,1,1.0,0.0,-0.66,0.0,1,1.0,0.0,-0.35,0.0,1,1.0,0.0,0.67,0.0
3,0,2,1,0.99,-0.67,-0.26,0.62,1,0.99,-1.0,-0.63,0.62,1,0.99,-1.0,0.74,0.62
3,1,2,1,0.99,-0.67,-0.96,0.0,1,0.99,-0.67,0.82,0.0,1,0.99,-0.67,-0.25,0.0
3,0,2,1,-0.99,0.67,0.92,0.01,1,-0.99,0.67,-0.88,0.0,1,-0.99,0.67,0.73,0.01
3,1,2,1,1.0,0.0,0.49,0.0,1,1.0,0.0,0.11,0.0,1,1.0,0.0,0.55,0.0
3,0,2,1,1.0,-0.33,0.25,1.0,1,1.0,-1.0,0.92,1.0,1,1.0,1.0,-0.76,1.0
3,1,2,1,1.0,-0.67,0.27,0.0,1,1.0,-0.67,-0.91,0.0,1,1.0,-0.67,-0.94,0.0
3,0,2,1,-0.8,0.0,0.9,-0.1,1,-0.8,0.33,0.89,-0.09,1,-0.8,0.67,0.24,-0.08
3,1,2,1,1.0,-0.67,-0.35,0.0,1,1.0,-0.67,0.09,0.0,1,1.0,-0.67,-1.0,0.0
3,0,2,1,-0.75,0.0,0.81,0.05,1,-0.75,0.33,-0.86,0.01,1,-0.75,1.0,0.66,0.03
3,1,2,1,1.0,0.0,0.6,0.0,1,1.0,0.0,0.66,0.0,1,1.0,0.0,-0.62,0.0
3,0,2,1,0.99,0.0,-0.25,0.75,1,0.99,-1.0,-0.66,0.88,1,0.99,-1.0,0.87,0.88
3,1,2,1,1.0,-0.67,-0.26,0.0,1,1.0,-0.67,0.59,0.0,1,1.0,-0.67,0.23,0.0
3,0,2,1,-0.99,-0.33,0.6,0.03,1,-0.99,-0.67,-0.96,-0.01,1,-0.99,-0.33,0.55,-0.01
3,1,2,1,1.0,0.0,0.24,0.0,1,1.0,0.0,0.22,0.0,1,1.0,0.0,-0.19,0.0
3,0,2,1,1.0,0.0,0.4,1.0,1,1.0,-0.67,-0.25,1.0,1,1.0,0.67,0.53,0.88
3,1,2,1,1.0,-0.67,0.49,0.0,1,1.0,-0.67,0.77,0.0,1,1.0,-0.67,0.11,0.0
3,0,2,1,0.99,0.33,0.29,0.0,1,0.99,0.33,0.39,-0.02,1,0.99,0.33,-0.25,-0.01
3,1,2,1,1.0,0.0,0.83,0.0,1,1.0,0.0,0.55,0.0,1,1.0,0.0,-0.69,0.0
3,0,2,1,1.0,0.67,0.42,0.31,1,1.0,-1.0,0.86,0.31,1,1.0,0.67,-0.92,0.3
4,1,1,-1,1.0,0.0,-0.2,0.0,-1,1.0,0.0,-0.61,0.0,-1,1.0,0.0,-0.9,0.0
4,0,1,-1,0.96,0.33,0.63,0.03,-1,0.96,0.67,0.57,0.01,-1,0.96,0.67,0.56,0.02
4,1,1,-1,1.0,0.0,-0.66,0.0,-1,1.0,0.0,-0.22,0.0,-1,1.0,0.0,-0.58,0.0
4,0,1,-1,1.0,-0.33,-0.51,0.2,-1,1.0,-0.33,-0.24,0.24,-1,1.0,-0.67,-0.16,0.17
4,1,1,-1,0.99,-0.67,-0.64,0.0,-1,0.99,-0.67,0.6,0.0,-1,0.99,-0.67,-0.58,0.0
4,0,1,-1,-0.98,0.33,-0.49,-0.01,-1,-0.98,0.33,-0.13,-0.02,-1,-0.98,0.67,-0.69,-0.01
4,1,1,-1,1.0,0.0,-0.63,0.0,-1,1.0,0.0,-0.5,0.0,-1,1.0,0.0,-0.27,-0.08
4,0,1,-1,0.99,0.0,0.67,0.75,-1,0.99,-1.0,-0.1,0.88,-1,0.99,-1.0,-0.68,0.88
4,1,1,-1,0.99,-0.67,-0.44,0.0,-1,0.99,-0.67,-0.44,0.0,-1,0.99,-0.67,-0.09,0.0
4,0,1,-1,0.91,1.0,-0.16,-0.15,-1,0.91,0.33,-0.52,-0.12,-1,0.91,0.67,-0.47,-0.11
4,1,1,-1,0.99,0.0,0.8,0.0,-1,0.99,0.0,-0.2,0.0,-1,0.99,0.0,0.72,-0.08
4,0,1,-1,0.99,-0.67,-0.96,0.62,-1,0.99,-1.0,-0.93,0.62,-1,0.99,-1.0,-0.25,0.62
4,1,1,-1,0.99,-0.67,0.59,0.0,-1,0.99,-0.67,-0.09,0.0,-1,0.99,-0.67,-0.56,0.0
4,0,1,-1,0.88,1.0,0.56,0.03,-1,0.88,1.0,-0.47,0.01,-1,0.88,1.0,0.07,0.01
4,1,1,-1,0.99,0.0,-0.68,0.0,-1,0.99,0.0,-0.44,0.0,-1,0.99,0.0,0.63,0.0
4,0,1,-1,0.99,0.0,-0.41,0.75,-1,0.99,-1.0,-0.51,0.88,-1,0.99,-1.0,-0.81,0.88
4,1,1,-1,0.99,-0.67,-0.4,0.0,-1,0.99,-0.67,-0.61,0.0,-1,0.99,-0.67,0.54,0.0
4,0,1,-1,-0.99,0.33,0.86,0.01,-1,-0.99,-0.67,-0.47,-0.02,-1,-0.99,0.33,-0.72,-0.02
4,1,1,-1,1.0,-0.67,-0.68,0.0,-1,1.0,0.0,0.2,0.0,-1,1.0,0.0,0.94,0.0
4,0,1,-1,0.99,0.0,0.48,0.75,-1,0.99,-1.0,-0.25,0.88,-1,0.99,-1.0,-0.22,0.88
4,1,1,-1,0.99,-0.67,-0.09,0.0,-1,0.99,-0.67,0.8,0.0,-1,0.99,-0.67,-0.72,0.0
4,0,1,-1,0.99,0.33,0.3,-0.02,-1,0.99,0.33,-0.87,-0.04,-1,0.99,0.33,0.02,-0.02
4,1,1,-1,0.97,0.0,-0.46,0.0,-1,0.97,0.0,0.12,0.0,-1,0.97,0.0,-0.32,-0.08
4,0,1,-1,1.0,-0.33,-0.49,1.0,-1,1.0,-1.0,-0.83,1.0,-1,1.0,1.0,-0.66,1.0
4,1,1,-1,0.99,-0.67,-0.57,0.0,-1,0.99,-0.67,-0.76,0.0,-1,0.99,0.0,-0.44,0.0
4,0,1,-1,0.69,-0.33,0.43,-0.04,-1,0.69,-0.67,-0.7,0.03,-1,0.69,0.33,0.72,-0.03
4,1,1,-1,0.88,-0.67,0.6,0.0,-1,0.88,-0.67,0.1,0.0,-1,0.88,0.0,-0.05,-0.08
4,0,1,-1,0.99,0.0,-0.84,0.75,-1,0.99,-0.33,0.32,0.88,-1,0.99,-1.0,0.52,0.88
4,1,1,-1,0.98,-0.67,0.76,0.0,-1,0.98,-0.67,-0.1,0.0,-1,0.98,-0.67,0.71,0.0
4,0,1,-1,-0.99,0.33,-0.07,0.02,-1,-0.99,0.33,0.23,0.06,-1,-0.99,0.33,0.5,0.01
4,1,1,-1,0.93,-0.67,0.37,0.0,-1,0.93,-0.67,0.06,0.0,-1,0.93,-0.67,-0.63,-0.08
4,0,1,-1,1.0,-0.33,-0.66,1.0,-1,1.0,-1.0,-0.9,1.0,-1,1.0,0.67,-0.0,1.0
4,1,1,-1,0.99,-0.67,-0.5,0.0,-1,0.99,-0.67,-0.9,0.0,-1,0.99,-0.67,-0.29,0.0
4,0,1,-1,-0.98,-0.67,-0.89,0.01,-1,-0.98,-0.67,-0.69,-0.04,-1,-0.98,-0.67,-0.96,0.0
4,1,1,-1,0.91,-0.67,-0.96,0.0,-1,0.91,0.0,-0.71,0.0,-1,0.91,-0.67,-0.8,-0.08
4,0,1,-1,1.0,-0.67,0.88,0.81,-1,1.0,-0.67,0.31,0.81,-1,1.0,-1.0,-0.29,0.75
4,1,1,-1,0.98,-0.67,-0.59,0.0,-1,0.98,-0.67,0.9,0.0,-1,0.98,-0.67,0.26,0.0
4,0,1,-1,0.99,0.0,0.49,0.02,-1,0.99,0.33,-0.59,0.03,-1,0.99,0.33,0.35,0.01
4,1,1,-1,0.94,-0.67,0.98,0.0,-1,0.94,-0.67,0.67,0.0,-1,0.94,-0.67,-0.6,-0.08
4,0,1,-1,1.0,-0.67,0.56,0.42,-1,1.0,-1.0,-0.64,0.25,-1,1.0,0.67,-0.02,0.25
4,1,1,-1,0.99,-0.67,-0.35,0.0,-1,0.99,-0.67,0.73,0.0,-1,0.99,-0.67,-0.36,0.0
4,0,1,-1,-0.98,0.33,-0.78,-0.01,-1,-0.98,0.33,-0.96,-0.02,-1,-0.98,0.67,-0.75,-0.01
4,1,1,-1,1.0,0.0,0.74,0.0,-1,1.0,0.0,-0.91,0.0,-1,1.0,0.0,-0.46,-0.08
4,0,1,-1,1.0,-0.33,-0.79,1.0,-1,1.0,-1.0,-0.12,1.0,-1,1.0,1.0,-0.92,1.0
4,1,1,-1,0.99,-0.67,0.24,0.0,-1,0.99,-0.67,-0.45,0.0,-1,0.99,-0.67,-0.0,0.0
4,0,1,-1,0.91,1.0,-0.34,-0.15,-1,0.91,0.33,-0.03,-0.12,-1,0.91,0.67,-0.43,-0.11
4,1,1,-1,1.0,0.0,-0.38,0.0,-1,1.0,0.0,0.95,0.0,-1,1.0,0.0,0.56,-0.08
4,0,1,-1,1.0,-0.67,-0.04,0.42,-1,1.0,-1.0,0.43,0.25,-1,1.0,0.67,-0.91,0.25
4,1,1,-1,0.99,-0.67,0.53,0.0,-1,0.99,-0.67,0.75,0.0,-1,0.99,-0.67,-0.12,0.0
4,0,1,-1,0.88,1.0,-0.14,0.03,-1,0.88,1.0,-0.68,0.01,-1,0.88,1.0,0.24,0.01
4,1,1,-1,0.99,0.0,0.95,0.0,-1,0.99,0.0,-0.13,0.0,-1,0.99,0.0,-0.53,0.0
4,0,1,-1,1.0,0.0,-0.78,1.0,-1,1.0,-0.67,-0.52,1.0,-1,1.0,0.67,-0.62,0.88
4,1,1,-1,0.99,-0.67,-0.82,0.0,-1,0.99,-0.67,-0.85,0.0,-1,0.99,-0.67,0.88,0.0
4,0,1,-1,0.93,1.0,0.8,0.03,-1,0.93,0.33,0.05,-0.01,-1,0.93,1.0,0.61,0.01
4,1,1,-1,0.98,0.0,-0.3,0.0,-1,0.98,0.0,-0.55,0.0,-1,0.98,0.0,0.23,-0.08
4,0,1,-1,0.99,-0.67,-0.77,0.62,-1,0.99,-1.0,0.03,0.62,-1,0.99,-1.0,0.52,0.62
4,1,1,-1,0.99,-0.67,0.3,0.0,-1,0.99,-0.67,0.28,0.0,-1,0.99,-0.67,0.68,0.0
4,0,1,-1,-0.99,0.33,0.11,0.01,-1,-0.99,-0.67,-0.87,-0.02,-1,-0.99,0.33,0.01,-0.02
4,1,1,-1,0.99,-0.67,-0.87,0.0,-1,0.99,0.0,0.07,0.0,-1,0.99,-0.67,0.97,0.0
4,0,1,-1,1.0,0.0,-0.41,1.0,-1,1.0,-0.67,0.34,1.0,-1,1.0,0.67,0.94,0.88
4,1,1,-1,0.99,-0.67,0.19,0.0,-1,0.99,-0.67,0.71,0.0,-1,0.99,-0.67,-0.91,0.0
4,0,1,-1,-0.99,-0.67,-0.34,0.01,-1,-0.99,-0.33,-0.52,-0.02,-1,-0.99,-0.67,0.3,-0.02
4,1,1,-1,0.94,-0.67,0.43,0.0,-1,0.94,0.0,-0.65,0.0,-1,0.94,-0.67,0.51,0.0
4,0,1,-1,1.0,-0.33,0.46,1.0,-1,1.0,-1.0,0.38,1.0,-1,1.0,1.0,0.57,1.0
4,1,1,-1,0.99,-0.67,0.06,0.0,-1,0.99,-0.67,-0.96,0.0,-1,0.99,-0.67,0.7,0.0
4,0,1,-1,0.99,0.33,-0.59,-0.02,-1,0.99,0.33,0.55,-0.04,-1,0.99,0.33,-0.89,-0.02
4,1,1,-1,0.99,0.33,0.82,0.0,-1,0.99,0.33,0.11,0.0,-1,0.99,0.33,-0.47,0.0
4,0,1,-1,1.0,-0.33,-0.38,1.0,-1,1.0,-1.0,0.37,1.0,-1,1.0,1.0,-0.79,1.0
4,1,1,-1,0.99,-0.67,0.08,0.0,-1,0.99,-0.67,0.09,0.0,-1,0.99,-0.67,-0.32,0.0
4,0,1,-1,-0.98,0.67,0.23,-0.02,-1,-0.98,0.67,-0.08,-0.03,-1,-0.98,0.67,-0.54,-0.01
4,1,1,-1,1.0,0.0,-0.84,0.0,-1,1.0,0.0,-0.14,0.0,-1,1.0,0.0,0.11,-0.08
4,0,1,-1,1.0,1.0,-0.29,0.25,-1,1.0,0.67,0.41,0.29,-1,1.0,0.67,-0.01,0.29
4,1,1,-1,1.0,-0.67,0.6,0.0,-1,1.0,-0.67,0.78,0.0,-1,1.0,-0.67,-0.42,0.0
4,0,1,-1,0.99,0.33,-0.71,0.5,-1,0.99,0.33,0.85,0.0,-1,0.99,0.33,0.4,0.5
4,1,1,-1,1.0,0.0,0.89,0.0,-1,1.0,0.0,-0.5,0.0,-1,1.0,0.0,0.73,-0.08
4,0,1,-1,0.99,0.0,-0.41,0.1,-1,0.99,0.33,0.26,0.04,-1,0.99,0.0,0.28,0.06
4,1,1,-1,0.98,-0.67,0.35,0.0,-1,0.98,-0.67,0.16,0.0,-1,0.98,-0.67,-0.54,0.0
4,0,1,-1,0.99,-0.67,0.0,0.0,-1,0.99,-0.67,0.39,0.0,-1,0.99,-0.67,-0.06,0.0
4,1,1,-1,1.0,0.0,0.39,0.0,-1,1.0,0.0,0.99,0.0,-1,1.0,0.0,-0.41,-0.08
4,0,1,-1,1.0,0.33,-0.08,0.14,-1,1.0,0.67,-0.55,0.15,-1,1.0,0.33,0.82,0.12
4,1,1,-1,0.99,-0.67,0.11,0.0,-1,0.99,-0.67,0.05,0.0,-1,0.99,-0.67,-0.47,0.0
4,0,1,-1,1.0,-0.67,0.16,0.0,-1,1.0,-0.67,0.97,0.0,-1,1.0,-0.67,-0.44,0.0
4,1,1,-1,1.0,0.0,-0.12,0.0,-1,1.0,0.0,0.68,0.0,-1,1.0,0.0,0.29,-0.08
4,0,1,-1,0.98,0.33,0.13,0.07,-1,0.98,0.67,-0.36,0.04,-1,0.98,0.67,0.72,0.05
4,1,1,-1,0.99,-0.67,-0.78,0.0,-1,0.99,-0.67,0.8,0.0,-1,0.99,-0.67,-0.44,0.0
4,0,1,-1,0.99,0.33,-0.62,-0.1,-1,0.99,0.33,-0.67,-0.1,-1,0.99,0.33,0.95,-0.1
4,1,1,-1,1.0,0.0,-0.57,0.0,-1,1.0,0.0,-0.87,0.0,-1,1.0,0.0,0.99,-0.08
4,0,1,-1,1.0,0.33,0.47,0.13,-1,1.0,0.67,0.88,0.14,-1,1.0,0.33,0.5,0.13
4,1,1,-1,0.98,-0.67,0.38,0.0,-1,0.98,-0.67,0.68,0.0,-1,0.98,-0.67,0.36,-0.08
4,0,1,-1,0.99,0.0,0.68,-0.07,-1,0.99,-1.0,-0.09,-0.09,-1,0.99,0.67,-0.8,-0.07
4,1,1,-1,0.96,-0.67,-0.51,0.0,-1,0.96,-0.67,-0.38,0.0,-1,0.96,-0.67,-0.34,-0.08
4,0,1,-1,1.0,0.33,0.04,0.08,-1,1.0,0.33,-1.0,0.06,-1,1.0,0.67,-0.98,0.05
4,1,1,-1,0.99,-0.67,-0.37,0.0,-1,0.99,-0.67,-0.5,0.0,-1,0.99,0.0,-0.12,0.0
4,0,1,-1,0.69,-0.33,-0.32,-0.04,-1,0.69,-0.67,-0.09,0.03,-1,0.69,0.33,-0.08,-0.03
4,1,1,-1,1.0,0.0,-0.22,0.0,-1,1.0,0.0,-0.6,0.0,-1,1.0,0.0,-0.27,-0.08
4,0,1,-1,1.0,-0.33,0.09,1.0,-1,1.0,-1.0,0.87,1.0,-1,1.0,1.0,-0.39,1.0
4,1,1,-1,1.0,-0.67,0.73,0.0,-1,1.0,-0.67,-0.67,0.0,-1,1.0,-0.67,0.81,0.0
5,0,2,1,1.0,0.67,0.59,0.21,1,1.0,-1.0,0.68,0.21,1,1.0,0.67,-0.87,0.21
5,1,2,1,1.0,0.0,-0.01,0.0,1,1.0,0.0,-0.02,0.0,1,1.0,0.0,0.6,0.0
5,0,2,1,0.96,0.33,-0.61,0.03,1,0.96,0.67,-0.84,0.01,1,0.96,0.67,0.96,0.02
5,1,2,1,1.0,0.0,-0.18,0.0,1,1.0,0.0,0.51,0.0,1,1.0,0.0,0.41,0.0
5,0,2,1,1.0,-0.33,-0.08,0.2,1,1.0,-0.33,-0.35,0.24,1,1.0,-0.67,-0.12,0.17
5,1,2,1,0.99,-0.67,0.1,0.0,1,0.99,-0.67,0.44,0.0,1,0.99,-0.67,-0.7,0.0
5,0,2,1,-0.98,0.33,0.51,-0.01,1,-0.98,0.33,-0.96,-0.02,1,-0.98,0.67,0.41,-0.01
5,1,2,1,1.0,-0.67,0.26,0.0,1,1.0,-0.67,-0.35,0.0,1,1.0,-0.67,0.35,0.0
5,0,2,1,0.91,1.0,-0.15,-0.15,1,0.91,0.33,0.44,-0.12,1,0.91,0.67,0.85,-0.11
5,1,2,1,1.0,-0.67,-0.39,0.0,1,1.0,-0.67,0.89,0.0,1,1.0,-0.67,0.38,0.0
5,0,2,1,0.88,1.0,-0.17,0.03,1,0.88,1.0,0.88,0.01,1,0.88,1.0,0.25,0.01
5,1,2,1,1.0,0.0,-0.17,0.0,1,1.0,0.0,-0.53,0.0,1,1.0,0.0,0.96,-0.08
5,0,2,1,0.99,0.0,0.86,0.75,1,0.99,-1.0,-0.06,0.88,1,0.99,-1.0,0.27,0.88
5,1,2,1,1.0,-0.67,-0.97,0.0,1,1.0,-0.67,0.56,0.0,1,1.0,-0.67,-0.18,0.0
5,0,2,1,-0.98,0.33,0.01,-0.01,1,-0.98,0.33,-0.69,-0.02,1,-0.98,0.67,0.81,-0.01
5,1,2,1,1.0,0.0,-0.9,0.0,1,1.0,0.0,0.38,0.0,1,1.0,0.0,-0.81,-0.08
5,0,2,1,0.99,-0.67,0.49,0.62,1,0.99,-1.0,0.43,0.62,1,0.99,-1.0,-0.5,0.62
5,1,2,1,1.0,-0.67,0.88,0.0,1,1.0,-0.67,-0.62,0.0,1,1.0,-0.67,0.06,0.0
5,0,2,1,0.91,1.0,0.02,-0.15,1,0.91,0.33,-0.95,-0.12,1,0.91,0.67,-0.05,-0.11
5,1,2,1,1.0,0.0,0.68,0.0,1,1.0,0.0,-0.12,0.0,1,1.0,0.0,0.19,-0.08
5,0,2,1,1.0,0.0,0.19,1.0,1,1.0,-0.67,-0.87,1.0,1,1.0,0.67,-0.05,0.88
5,1,2,1,1.0,-0.67,-0.91,0.0,1,1.0,-0.67,0.35,0.0,1,1.0,-0.67,-0.2,0.0
5,0,2,1,0.99,0.33,0.3,0.5,1,0.99,0.33,-0.79,0.0,1,0.99,0.33,-0.8,0.5
5,1,2,1,1.0,0.0,0.15,0.0,1,1.0,0.0,0.77,0.0,1,1.0,0.0,0.17,-0.08
5,0,2,1,1.0,0.0,-0.36,0.01,1,1.0,0.67,-0.25,-0.03,1,1.0,0.0,-0.28,-0.02
5,1,2,1,1.0,-0.67,0.37,0.0,1,1.0,-0.67,-0.51,0.0,1,1.0,-0.67,-0.24,0.0
5,0,2,1,-1.0,-0.67,-0.12,0.01,1,-1.0,-0.33,0.88,-0.02,1,-1.0,-0.67,-0.35,-0.02
5,1,2,1,0.98,-0.67,-0.52,0.0,1,0.98,-0.67,0.03,0.0,1,0.98,-0.67,-0.47,0.0
5,0,2,1,0.99,-0.67,0.02,0.62,1,0.99,-1.0,0.71,0.62,1,0.99,-1.0,0.3,0.62
5,1,2,1,1.0,-0.67,-0.0,0.0,1,1.0,-0.67,0.96,0.0,1,1.0,-0.67,0.5,0.0
5,0,2,1,0.99,0.33,-0.97,-0.02,1,0.99,0.33,-0.02,-0.04,1,0.99,0.33,0.64,-0.02
5,1,2,1,1.0,0.0,-0.96,0.0,1,1.0,0.0,-0.62,0.0,1,1.0,0.0,-0.41,-0.08
5,0,2,1,1.0,-0.33,-0.97,1.0,1,1.0,-1.0,-0.49,1.0,1,1.0,1.0,-0.87,1.0
5,1,2,1,0.98,-0.67,0.05,0.0,1,0.98,-0.67,-0.68,0.0,1,0.98,-0.67,0.48,-0.08
5,0,2,1,1.0,0.33,0.94,0.08,1,1.0,0.33,0.39,0.06,1,1.0,0.67,0.03,0.05
5,1,2,1,1.0,-0.67,0.23,0.0,1,1.0,-0.67,-0.49,0.0,1,1.0,-0.67,-0.15,0.0
5,0,2,1,0.69,-0.33,-0.53,-0.04,1,0.69,-0.67,-0.3,0.03,1,0.69,0.33,0.83,-0.03
5,1,2,1,1.0,0.0,-0.73,0.0,1,1.0,0.0,0.26,0.0,1,1.0,0.0,-0.03,-0.08
5,0,2,1,1.0,-0.33,-0.15,1.0,1,1.0,-1.0,-0.71,1.0,1,1.0,1.0,0.57,1.0
5,1,2,1,1.0,-0.67,0.5,0.0,1,1.0,-0.67,0.04,0.0,1,1.0,-0.67,-0.16,0.0
5,0,2,1,0.69,-0.33,0.77,-0.04,1,0.69,-0.67,-0.2,0.03,1,0.69,0.33,0.83,-0.03
5,1,2,1,1.0,0.0,0.63,0.0,1,1.0,0.0,0.31,0.0,1,1.0,0.0,0.52,-0.08
5,0,2,1,0.99,-0.67,-0.53,0.62,1,0.99,-1.0,-0.61,0.62,1,0.99,-1.0,0.35,0.62
5,1,2,1,1.0,-0.67,0.07,0.0,1,1.0,-0.67,0.16,0.0,1,1.0,-0.67,-0.46,0.0
5,0,2,1,0.69,-0.33,-0.21,-0.04,1,0.69,-0.67,0.01,0.03,1,0.69,0.33,-0.39,-0.03
5,1,2,1,1.0,0.0,-0.09,0.0,1,1.0,0.0,0.75,0.0,1,1.0,0.0,0.97,-0.08
5,0,2,1,1.0,0.0,0.32,1.0,1,1.0,-0.67,0.05,1.0,1,1.0,0.67,0.66,0.88
5,1,2,1,1.0,-0.67,0.56,0.0,1,1.0,-0.67,0.56,0.0,1,1.0,-0.67,0.78,0.0
5,0,2,1,-0.99,0.33,-0.72,0.02,1,-0.99,0.33,0.53,0.06,1,-0.99,0.33,-0.5,0.01
5,1,2,1,1.0,0.0,-0.07,0.0,1,1.0,0.0,0.39,0.0,1,1.0,0.0,-0.86,-0.08
5,0,2,1,1.0,0.0,0.43,1.0,1,1.0,-0.67,-0.79,1.0,1,1.0,0.67,0.65,0.88
5,1,2,1,0.97,-0.67,-0.77,0.0,1,0.97,-0.67,-0.84,0.0,1,0.97,-0.67,0.9,-0.08
5,0,2,1,0.98,0.33,0.19,0.14,1,0.98,-0.67,0.06,0.15,1,0.98,0.33,0.53,0.1
5,1,2,1,1.0,-0.67,0.88,0.0,1,1.0,-0.67,-0.48,0.0,1,1.0,-0.67,-0.34,0.0
5,0,2,1,-0.98,-0.67,-0.64,0.01,1,-0.98,-0.67,0.88,-0.04,1,-0.98,-0.67,-0.66,0.0
5,1,2,1,1.0,0.0,0.44,0.0,1,1.0,0.0,0.55,0.0,1,1.0,0.0,-0.15,-0.08
5,0,2,1,1.0,0.0,-0.35,1.0,1,1.0,-0.67,-0.5,1.0,1,1.0,0.67,-0.55,0.88
5,1,2,1,0.98,-0.67,0.5,0.0,1,0.98,-0.67,0.9,0.0,1,0.98,-0.67,0.29,-0.08
5,0,2,1,-0.86,0.33,-0.29,0.06,1,-0.86,-0.33,-0.36,0.01,1,-0.86,0.67,0.92,0.05
5,1,2,1,1.0,-0.67,0.41,0.0,1,1.0,-0.67,0.44,0.0,1,1.0,-0.67,-0.54,0.0
5,0,2,1,0.99,0.0,0.02,0.02,1,0.99,0.33,-0.13,0.03,1,0.99,0.33,-0.11,0.01
5,1,2,1,1.0,0.0,0.46,0.0,1,1.0,0.0,0.3,0.0,1,1.0,0.0,-0.8,-0.08
5,0,2,1,1.0,0.0,-0.12,1.0,1,1.0,-0.67,0.65,1.0,1,1.0,0.67,-0.19,0.88
5,1,2,1,0.98,-0.67,-0.57,0.0,1,0.98,-0.67,-0.36,0.0,1,0.98,-0.67,-0.92,-0.08
5,0,2,1,0.99,0.0,-0.11,0.09,1,0.99,-0.33,-0.67,0.07,1,0.99,0.0,0.68,0.07
5,1,2,1,0.98,-0.67,0.09,0.0,1,0.98,-0.67,0.1,0.0,1,0.98,-0.67,0.12,-0.08
5,0,2,1,1.0,0.67,0.42,0.11,1,1.0,0.67,-0.08,0.07,1,1.0,0.67,-0.33,0.09
5,1,2,1,0.98,-0.67,0.71,0.0,1,0.98,-0.67,0.14,0.0,1,0.98,-0.67,-0.2,-0.08
5,0,2,1,0.98,0.0,0.22,-0.15,1,0.98,0.33,-0.93,-0.12,1,0.98,0.67,-0.22,-0.11
5,1,2,1,1.0,-0.67,-0.68,0.0,1,1.0,-0.67,0.16,0.0,1,1.0,-0.67,0.02,0.0
5,0,2,1,1.0,0.0,0.96,0.62,1,1.0,0.0,0.29,0.62,1,1.0,0.0,-0.75,0.62
5,1,2,1,1.0,0.0,0.99,0.0,1,1.0,0.0,0.1,0.0,1,1.0,0.0,0.4,-0.08
5,0,2,1,0.98,0.0,0.75,0.08,1,0.98,0.0,-0.21,0.03,1,0.98,0.0,-0.11,0.05
5,1,2,1,1.0,-0.67,-0.26,0.0,1,1.0,-0.67,0.69,0.0,1,1.0,-0.67,0.6,0.0
5,0,2,1,-0.99,-0.67,0.5,0.01,1,-0.99,-0.33,1.0,-0.02,1,-0.99,-0.67,-0.31,-0.02
5,1,2,1,1.0,0.0,0.32,0.0,1,1.0,0.0,-0.39,0.0,1,1.0,0.0,0.03,-0.08
5,0,2,1,0.99,-0.67,0.79,0.62,1,0.99,-1.0,0.54,0.62,1,0.99,-1.0,-0.42,0.62
5,1,2,1,1.0,-0.67,0.07,0.0,1,1.0,-0.67,-0.01,0.0,1,1.0,-0.67,-0.49,0.0
5,0,2,1,0.88,1.0,0.92,0.03,1,0.88,1.0,0.88,0.01,1,0.88,1.0,-0.81,0.01
5,1,2,1,1.0,0.0,0.36,0.0,1,1.0,0.0,0.2,0.0,1,1.0,0.0,0.46,-0.08
5,0,2,1,0.99,-0.67,0.17,0.62,1,0.99,-1.0,-0.91,0.62,1,0.99,-1.0,0.65,0.62
5,1,2,1,1.0,-0.67,0.81,0.0,1,1.0,-0.67,0.08,0.0,1,1.0,-0.67,0.47,0.0
5,0,2,1,0.93,1.0,-0.52,0.03,1,0.93,0.33,-0.64,-0.01,1,0.93,1.0,-0.64,0.01
5,1,2,1,1.0,0.0,0.59,0.0,1,1.0,0.0,-0.43,0.0,1,1.0,0.0,-0.82,-0.08
5,0,2,1,1.0,-0.67,0.7,0.42,1,1.0,-1.0,0.09,0.25,1,1.0,0.67,0.36,0.25
5,1,2,1,1.0,-0.67,0.94,0.0,1,1.0,-0.67,-0.69,0.0,1,1.0,-0.67,-0.42,0.0
5,0,2,1,0.99,0.33,0.82,-0.02,1,0.99,0.33,0.24,-0.04,1,0.99,0.33,-0.84,-0.02
5,1,2,1,1.0,0.0,-0.3,0.0,1,1.0,0.0,-0.87,0.0,1,1.0,0.0,0.43,-0.08
5,0,2,1,0.99,-0.67,-0.51,0.62,1,0.99,-1.0,-0.61,0.62,1,0.99,-1.0,0.16,0.62
5,1,2,1,1.0,-0.67,-0.49,0.0,1,1.0,-0.67,-0.7,0.0,1,1.0,-0.67,1.0,0.0
5,0,2,1,0.99,0.33,-0.02,-0.02,1,0.99,0.33,-0.42,-0.04,1,0.99,0.33,0.88,-0.02
5,1,2,1,1.0,0.0,0.48,0.0,1,1.0,0.0,-0.28,0.0,1,1.0,0.0,-0.61,-0.08
5,0,2,1,0.99,0.0,0.6,0.75,1,0.99,-1.0,-0.81,0.88,1,0.99,-1.0,0.34,0.88
5,1,2,1,1.0,-0.67,-0.89,0.0,1,1.0,-0.67,0.79,0.0,1,1.0,-0.67,-0.67,0.0
5,0,2,1,0.69,-0.33,-0.74,-0.04,1,0.69,-0.67,-0.17,0.03,1,0.69,0.33,-0.7,-0.03
5,1,2,1,1.0,-0.67,0.92,0.0,1,1.0,-0.67,0.56,0.0,1,1.0,-0.67,-0.02,0.0
5,0,2,1,-0.99,0.33,-0.4,0.02,1,-0.99,0.33,-1.0,0.06,1,-0.99,0.33,-0.97,0.01
5,1,2,1,1.0,-0.67,-0.1,0.0,1,1.0,-0.67,0.35,0.0,1,1.0,-0.67,0.3,0.0
5,0,2,1,-0.98,0.33,-0.26,-0.01,1,-0.98,0.33,-0.9,-0.02,1,-0.98,0.67,-0.68,-0.01
5,1,2,1,1.0,-0.67,-0.3,0.0,1,1.0,-0.67,-0.78,0.0,1,1.0,-0.67,0.65,0.0
5,0,2,1,-0.97,0.33,-0.86,-0.1,1,-0.97,0.33,-0.25,0.1,1,-0.97,0.33,-0.31,-0.1
5,1,2,1,1.0,-0.67,-0.82,0.0,1,1.0,-0.67,0.23,0.0,1,1.0,-0.67,-0.24,0.0
5,0,2,1,0.99,-0.33,0.01,0.0,1,0.99,-0.33,0.74,-0.03,1,0.99,0.33,0.67,-0.03
5,1,2,1,1.0,-0.67,-0.04,0.0,1,1.0,-0.67,0.4,0.0,1,1.0,-0.67,0.19,0.0
5,0,2,1,-0.99,0.33,0.18,0.02,1,-0.99,0.33,0.74,0.06,1,-0.99,0.33,-0.67,0.01
5,1,2,1,1.0,-0.67,-0.42,0.0,1,1.0,-0.67,0.18,0.0,1,1.0,-0.67,0.43,0.0
5,0,2,1,0.94,0.0,0.8,0.01,1,0.94,0.33,0.58,0.01,1,0.94,1.0,-0.31,0.0
5,1,2,1,1.0,-0.67,0.73,0.0,1,1.0,-0.67,0.87,0.0,1,1.0,-0.67,-0.34,0.0
5,0,2,1,0.91,1.0,0.88,-0.15,1,0.91,0.33,0.36,-0.12,1,0.91,0.67,-0.89,-0.11
5,1,2,1,0.99,-0.67,1.0,0.0,1,0.99,-0.67,0.31,0.0,1,0.99,-0.67,-0.38,0.0
5,0,2,1,-0.98,0.33,-0.24,-0.01,1,-0.98,0.33,-0.97,-0.02,1,-0.98,0.67,-0.17,-0.01
5,1,2,1,1.0,-0.67,-0.9,0.0,1,1.0,-0.67,-0.01,0.0,1,1.0,-0.67,-0.5,0.0
5,0,2,1,-0.98,0.33,0.82,-0.01,1,-0.98,0.33,0.1,-0.02,1,-0.98,0.67,-0.57,-0.01
5,1,2,1,1.0,0.0,0.83,0.0,1,1.0,0.0,-0.48,0.0,1,1.0,0.0,-0.91,-0.08
5,0,2,1,1.0,0.0,-0.17,1.0,1,1.0,-0.67,-0.21,1.0,1,1.0,0.67,-0.78,0.88
5,1,2,1,0.99,-0.67,-0.45,0.0,1,0.99,-0.67,0.11,0.0,1,0.99,-0.67,0.9,0.0
5,0,2,1,-0.99,-0.67,-0.73,0.04,1,-0.99,-0.67,-0.29,-0.01,1,-0.99,0.33,-0.31,0.02
5,1,2,1,1.0,-0.67,0.3,0.0,1,1.0,-0.67,0.99,0.0,1,1.0,-0.67,-0.22,0.0
5,0,2,1,-0.91,1.0,-0.77,-0.0,1,-0.91,0.33,-0.51,-0.01,1,-0.91,1.0,-0.82,-0.01
5,1,2,1,1.0,-0.67,-0.72,0.0,1,1.0,-0.67,0.85,0.0,1,1.0,-0.67,-0.61,0.0
5,0,2,1,0.99,0.33,-0.36,-0.02,1,0.99,0.33,-0.56,-0.04,1,0.99,0.33,-0.1,-0.02
5,1,2,1,1.0,-0.67,-0.22,0.0,1,1.0,-0.67,0.3,0.0,1,1.0,-0.67,0.1,0.0
5,0,2,1,0.69,-0.33,0.88,-0.04,1,0.69,-0.67,-0.8,0.03,1,0.69,0.33,0.11,-0.03
5,1,2,1,1.0,-0.67,0.78,0.0,1,1.0,-0.67,0.19,0.0,1,1.0,-0.67,-0.08,0.0
5,0,2,1,-0.99,0.33,-0.98,0.02,1,-0.99,0.33,0.02,0.06,1,-0.99,0.33,-0.75,0.01
5,1,2,1,1.0,0.0,0.58,0.0,1,1.0,0.0,0.74,0.0,1,1.0,0.0,-0.99,-0.08
5,0,2,1,0.99,-0.67,-0.55,0.62,1,0.99,-1.0,-0.3,0.62,1,0.99,-1.0,0.41,0.62
5,1,2,1,1.0,-0.67,0.97,0.0,1,1.0,-0.67,0.11,0.0,1,1.0,-0.67,-0.25,0.0
5,0,2,1,-0.99,0.33,-0.02,0.02,1,-0.99,0.33,0.31,0.06,1,-0.99,0.33,0.55,0.01
5,1,2,1,1.0,0.0,0.09,0.0,1,1.0,0.0,0.45,0.0,1,1.0,0.0,0.93,-0.08
5,0,2,1,1.0,-0.33,-0.65,1.0,1,1.0,-1.0,0.56,1.0,1,1.0,1.0,-0.98,1.0
5,1,2,1,1.0,-0.67,-0.99,0.0,1,1.0,-0.67,0.36,0.0,1,1.0,-0.67,-0.7,0.0
5,0,2,1,-0.98,-0.67,-0.44,0.01,1,-0.98,-0.67,-0.85,-0.04,1,-0.98,-0.67,-0.67,0.0
5,1,2,1,0.99,-0.67,0.85,0.0,1,0.99,-0.67,0.99,0.0,1,0.99,-0.67,-0.55,0.0
5,0,2,1,-0.98,0.33,-0.85,-0.01,1,-0.98,0.33,0.71,-0.02,1,-0.98,0.67,0.35,-0.01
5,1,2,1,1.0,-0.67,-0.27,0.0,1,1.0,-0.67,-0.17,0.0,1,1.0,-0.67,-0.18,0.0
5,0,2,1,-0.99,0.33,0.62,0.01,1,-0.99,-0.67,0.72,-0.02,1,-0.99,0.33,0.86,-0.02
5,1,2,1,1.0,0.0,0.46,0.0,1,1.0,0.0,0.75,0.0,1,1.0,0.0,-0.92,-0.08
5,0,2,1,0.99,-0.67,-0.19,0.62,1,0.99,-1.0,0.99,0.62,1,0.99,-1.0,-0.5,0.62
5,1,2,1,1.0,-0.67,-0.55,0.0,1,1.0,-0.67,0.46,0.0,1,1.0,-0.67,-0.82,0.0
5,0,2,1,0.99,0.33,-0.66,-0.02,1,0.99,0.33,-0.98,-0.04,1,0.99,0.33,-0.68,-0.02
5,1,2,1,1.0,-0.67,-0.76,0.0,1,1.0,-0.67,-0.07,0.0,1,1.0,-0.67,0.53,0.0
5,0,2,1,1.0,0.67,0.66,0.12,1,1.0,-1.0,-0.75,0.13,1,1.0,0.67,-0.09,0.1
6,1,1,-1,1.0,0.0,0.07,0.0,-1,1.0,0.0,0.64,0.0,-1,1.0,0.0,-0.59,0.0
6,0,1,-1,0.96,0.33,-0.34,0.03,-1,0.96,0.67,-0.44,0.01,-1,0.96,0.67,-0.22,0.02
6,1,1,-1,1.0,0.0,-0.01,0.0,-1,1.0,0.0,0.36,0.0,-1,1.0,0.0,-0.4,0.0
6,0,1,-1,1.0,-0.33,0.93,0.2,-1,1.0,-0.33,0.02,0.24,-1,1.0,-0.67,0.7,0.17
6,1,1,-1,1.0,-0.67,-0.78,0.0,-1,1.0,-0.67,0.25,0.0,-1,1.0,-0.67,0.38,0.0
6,0,1,-1,-0.99,0.67,-0.74,0.01,-1,-0.99,0.67,-0.53,0.0,-1,-0.99,0.67,-0.87,0.01
6,1,1,-1,1.0,0.0,0.56,0.0,-1,1.0,0.0,0.8,0.0,-1,1.0,0.0,0.83,0.0
6,0,1,-1,0.99,-0.67,-0.83,0.62,-1,0.99,-1.0,-0.7,0.62,-1,0.99,-1.0,0.97,0.62
6,1,1,-1,1.0,-0.67,-0.86,0.0,-1,1.0,-0.67,0.06,0.0,-1,1.0,-0.67,-0.32,0.0
6,0,1,-1,-0.8,0.0,-0.6,-0.1,-1,-0.8,0.33,-0.41,-0.09,-1,-0.8,0.67,-0.45,-0.08
6,1,1,-1,1.0,0.0,-0.82,0.0,-1,1.0,0.0,0.78,0.0,-1,1.0,0.0,0.66,0.0
6,0,1,-1,1.0,0.0,0.14,1.0,-1,1.0,-0.67,-0.76,1.0,-1,1.0,0.67,0.52,0.88
6,1,1,-1,1.0,-0.67,-0.36,0.0,-1,1.0,-0.67,0.19,0.0,-1,1.0,-0.67,-0.94,0.0
6,0,1,-1,-0.84,0.0,-0.84,0.05,-1,-0.84,0.33,0.94,0.03,-1,-0.84,0.33,0.78,0.03
6,1,1,-1,1.0,0.0,0.79,0.0,-1,1.0,0.0,0.66,0.0,-1,1.0,0.0,0.07,0.0
6,0,1,-1,0.99,0.0,0.57,0.75,-1,0.99,-1.0,-0.49,0.88,-1,0.99,-1.0,0.84,0.88
6,1,1,-1,1.0,-0.67,-0.73,0.0,-1,1.0,-0.67,0.67,0.0,-1,1.0,-0.67,0.03,0.0
6,0,1,-1,-0.99,-0.33,-0.72,0.03,-1,-0.99,-0.67,-0.77,-0.01,-1,-0.99,0.33,-0.12,-0.01
6,1,1,-1,1.0,0.0,0.5,0.0,-1,1.0,0.0,0.28,0.0,-1,1.0,0.0,-0.22,0.0
6,0,1,-1,1.0,-0.33,-0.58,1.0,-1,1.0,-0.33,0.47,1.0,-1,1.0,0.0,-0.25,0.5
6,1,1,-1,1.0,-0.67,0.78,0.0,-1,1.0,-0.67,-0.65,0.0,-1,1.0,-0.67,0.05,0.0
6,0,1,-1,-0.99,-0.33,-0.59,0.03,-1,-0.99,-0.67,-0.54,-0.01,-1,-0.99,-0.33,0.85,-0.01
6,1,1,-1,1.0,0.0,0.92,0.0,-1,1.0,0.0,-0.63,0.0,-1,1.0,0.0,-0.0,0.0
6,0,1,-1,0.99,0.0,-0.52,0.75,-1,0.99,-1.0,-0.07,0.88,-1,0.99,-1.0,-0.46,0.88
6,1,1,-1,1.0,-0.67,-0.42,0.0,-1,1.0,-0.67,-0.04,0.0,-1,1.0,-0.67,0.57,0.0
6,0,1,-1,0.99,0.33,-0.03,0.0,-1,0.99,0.33,-0.29,-0.02,-1,0.99,0.33,-0.97,-0.01
6,1,1,-1,1.0,0.0,0.73,0.0,-1,1.0,0.0,-0.63,0.0,-1,1.0,0.0,0.4,0.0
6,0,1,-1,0.99,0.0,-0.17,0.75,-1,0.99,-1.0,0.68,0.88,-1,0.99,-1.0,0.28,0.88
6,1,1,-1,1.0,0.0,-0.25,0.0,-1,1.0,0.0,-0.26,0.0,-1,1.0,0.0,-0.73,0.0
6,0,1,-1,-0.8,-0.33,-0.56,0.0,-1,-0.8,-0.33,0.22,0.05,-1,-0.8,0.33,-0.21,0.0
6,1,1,-1,1.0,0.0,0.42,0.0,-1,1.0,0.0,0.4,0.0,-1,1.0,0.0,0.54,0.0
6,0,1,-1,1.0,0.0,0.82,1.0,-1,1.0,-0.67,0.86,1.0,-1,1.0,0.67,0.32,0.88
6,1,1,-1,0.99,-0.67,-0.89,0.0,-1,0.99,-0.67,0.02,0.0,-1,0.99,-0.67,0.5,0.0
6,0,1,-1,-0.99,-0.33,0.13,0.04,-1,-0.99,0.33,0.26,0.07,-1,-0.99,0.33,0.02,0.02
6,1,1,-1,1.0,0.0,-0.57,0.0,-1,1.0,0.0,0.26,0.0,-1,1.0,0.0,0.97,0.0
6,0,1,-1,0.99,-0.67,0.23,0.62,-1,0.99,-1.0,-0.8,0.62,-1,0.99,-1.0,-0.05,0.62
6,1,1,-1,0.99,-0.67,0.32,0.0,-1,0.99,-0.67,-0.82,0.0,-1,0.99,-0.67,0.06,0.0
6,0,1,-1,-0.99,0.33,0.51,0.03,-1,-0.99,0.33,0.15,-0.02,-1,-0.99,0.33,-0.22,0.01
6,1,1,-1,1.0,0.0,0.46,0.0,-1,1.0,0.0,0.8,0.0,-1,1.0,0.0,-0.71,0.0
6,0,1,-1,0.99,0.0,-0.01,0.75,-1,0.99,-1.0,0.59,0.88,-1,0.99,-1.0,-0.04,0.88
6,1,1,-1,0.99,-0.67,0.08,0.0,-1,0.99,-0.67,0.06,0.0,-1,0.99,-0.67,0.49,0.0
6,0,1,-1,0.99,0.0,-0.72,0.04,-1,0.99,0.33,-0.49,0.04,-1,0.99,0.33,-0.47,0.03
6,1,1,-1,1.0,0.0,0.16,0.0,-1,1.0,0.0,-0.07,0.0,-1,1.0,0.0,0.13,0.0
6,0,1,-1,1.0,0.67,-0.31,0.24,-1,1.0,-1.0,-0.46,0.22,-1,1.0,0.67,-0.22,0.22
7,1,2,1,1.0,0.0,-0.97,0.0,1,1.0,0.0,0.17,0.0,1,1.0,0.0,-0.8,0.0
7,0,2,1,0.96,0.33,-0.04,0.03,1,0.96,0.67,0.07,0.01,1,0.96,0.67,-0.36,0.02
7,1,2,1,1.0,0.0,0.92,0.0,1,1.0,0.0,0.47,0.0,1,1.0,0.0,-0.56,0.0
7,0,2,1,1.0,-0.33,0.88,0.2,1,1.0,-0.33,-0.98,0.24,1,1.0,-0.67,-0.99,0.17
7,1,2,1,0.99,-0.67,0.31,0.0,1,0.99,-0.67,-0.78,0.0,1,0.99,-0.67,0.47,0.0
7,0,2,1,-0.99,0.67,0.52,0.01,1,-0.99,0.67,-0.8,0.0,1,-0.99,0.67,-0.03,0.01
7,1,2,1,1.0,0.0,-0.52,0.0,1,1.0,0.0,0.4,0.0,1,1.0,0.0,0.63,0.0
7,0,2,1,1.0,0.0,-0.35,1.0,1,1.0,-0.67,-0.41,1.0,1,1.0,0.67,-0.26,0.88
7,1,2,1,1.0,-0.67,0.08,0.0,1,1.0,-0.67,-0.41,0.0,1,1.0,-0.67,0.6,0.0
7,0,2,1,-0.8,0.0,-0.4,-0.1,1,-0.8,0.33,-0.71,-0.09,1,-0.8,0.67,0.84,-0.08
7,1,2,1,1.0,0.0,0.81,0.0,1,1.0,0.0,0.91,0.0,1,1.0,0.0,0.38,0.0
7,0,2,1,1.0,-0.67,0.81,0.42,1,1.0,-1.0,-0.88,0.25,1,1.0,0.67,0.23,0.25
7,1,2,1,1.0,-0.67,0.07,0.0,1,1.0,-0.67,0.41,0.0,1,1.0,-0.67,0.96,0.0
7,0,2,1,-0.84,0.0,-0.32,0.05,1,-0.84,0.33,-0.17,0.03,1,-0.84,0.33,0.18,0.03
7,1,2,1,1.0,-0.67,0.08,0.0,1,1.0,0.0,-0.68,0.0,1,1.0,0.33,-0.37,0.0
7,0,2,1,1.0,-0.33,-0.95,1.0,1,1.0,-0.33,-0.1,1.0,1,1.0,0.0,0.47,0.5
7,1,2,1,1.0,-0.67,0.16,0.0,1,1.0,-0.67,0.95,0.0,1,1.0,-0.67,0.8,0.0
7,0,2,1,-0.84,0.0,0.49,0.05,1,-0.84,0.33,0.52,0.03,1,-0.84,0.33,-0.28,0.03
7,1,2,1,1.0,0.0,-0.09,0.0,1,1.0,0.0,-0.1,0.0,1,1.0,0.0,-0.61,0.0
7,0,2,1,1.0,0.0,-0.4,1.0,1,1.0,-0.67,-0.38,1.0,1,1.0,0.67,0.95,0.88
7,1,2,1,1.0,-0.67,-0.84,0.0,1,1.0,-0.67,-0.73,0.0,1,1.0,-0.67,0.23,0.0
7,0,2,1,-0.99,0.67,-0.51,0.01,1,-0.99,0.67,-0.4,0.0,1,-0.99,0.67,-0.09,0.01
7,1,2,1,1.0,0.0,0.58,0.0,1,1.0,0.0,-0.45,0.0,1,1.0,0.0,0.31,0.0
7,0,2,1,1.0,0.0,-0.77,1.0,1,1.0,-0.67,0.27,1.0,1,1.0,0.67,0.59,0.88
7,1,2,1,1.0,-0.67,-0.81,0.0,1,1.0,-0.67,0.73,0.0,1,1.0,-0.67,0.07,0.0
7,0,2,1,-0.99,-0.33,-0.97,0.03,1,-0.99,-0.67,-0.22,-0.01,1,-0.99,-0.33,0.0,-0.01
7,1,2,1,1.0,0.0,0.38,0.0,1,1.0,0.0,-0.1,0.0,1,1.0,0.0,-0.46,0.0
7,0,2,1,0.99,-0.67,0.85,0.62,1,0.99,-1.0,-0.51,0.62,1,0.99,-1.0,-0.89,0.62
7,1,2,1,1.0,-0.67,-0.18,0.0,1,1.0,-0.67,0.93,0.0,1,1.0,-0.67,0.37,0.0
7,0,2,1,0.99,0.33,-0.22,0.0,1,0.99,0.33,-0.19,-0.02,1,0.99,0.33,0.26,-0.01
7,1,2,1,1.0,0.0,0.2,0.0,1,1.0,0.0,-0.77,0.0,1,1.0,0.0,0.68,0.0
7,0,2,1,1.0,0.0,0.87,1.0,1,1.0,-0.67,-0.92,1.0,1,1.0,0.67,0.25,0.88
7,1,2,1,1.0,-0.67,0.14,0.0,1,1.0,-0.67,0.69,0.0,1,1.0,-0.67,0.22,0.0
7,0,2,1,-0.8,-0.33,0.01,0.0,1,-0.8,-0.67,0.04,0.05,1,-0.8,0.33,-0.53,0.0
7,1,2,1,1.0,0.0,-0.85,0.0,1,1.0,0.0,-0.62,0.0,1,1.0,0.0,-0.88,0.0
7,0,2,1,1.0,-0.67,-0.59,0.42,1,1.0,-1.0,0.1,0.25,1,1.0,0.67,0.97,0.25
7,1,2,1,1.0,-0.67,0.94,0.0,1,1.0,-0.67,0.26,0.0,1,1.0,-0.67,0.97,0.0
7,0,2,1,-0.99,-0.33,0.96,0.04,1,-0.99,0.33,0.98,0.07,1,-0.99,0.33,0.66,0.02
7,1,2,1,1.0,0.0,1.0,0.0,1,1.0,0.0,0.89,0.0,1,1.0,0.0,-0.28,0.0
7,0,2,1,1.0,0.0,0.65,1.0,1,1.0,-0.67,0.92,1.0,1,1.0,0.67,0.14,0.88
7,1,2,1,1.0,-0.67,0.1,0.0,1,1.0,-0.67,0.17,0.0,1,1.0,-0.67,-0.54,0.0
7,0,2,1,-0.99,0.33,-0.22,0.03,1,-0.99,-0.67,0.88,-0.02,1,-0.99,-0.67,0.62,0.01
7,1,2,1,1.0,0.0,-0.2,0.0,1,1.0,0.0,0.08,0.0,1,1.0,0.0,-0.32,0.0
7,0,2,1,1.0,-0.33,-0.3,1.0,1,1.0,-1.0,0.12,1.0,1,1.0,1.0,0.66,1.0
7,1,2,1,1.0,-0.67,-0.23,0.0,1,1.0,-0.67,-0.93,0.0,1,1.0,-0.67,0.16,0.0
7,0,2,1,-0.99,0.33,0.94,0.03,1,-0.99,-0.67,-0.25,-0.02,1,-0.99,-0.67,-0.16,0.01
7,1,2,1,1.0,0.0,0.8,0.0,1,1.0,0.0,-0.36,0.0,1,1.0,0.0,-0.75,0.0
7,0,2,1,1.0,-0.33,-0.53,1.0,1,1.0,-1.0,0.3,1.0,1,1.0,1.0,0.44,1.0
7,1,2,1,1.0,-0.67,-0.47,0.0,1,1.0,-0.67,0.71,0.0,1,1.0,-0.67,-0.72,0.0
7,0,2,1,0.99,0.0,0.99,0.04,1,0.99,0.33,-0.11,0.04,1,0.99,0.33,0.03,0.03
7,1,2,1,1.0,0.0,0.03,0.0,1,1.0,0.0,-0.89,0.0,1,1.0,0.0,-0.21,0.0
7,0,2,1,1.0,-0.33,0.39,1.0,1,1.0,-1.0,-0.05,1.0,1,1.0,1.0,-0.51,1.0
7,1,2,1,1.0,-0.67,-0.53,0.0,1,1.0,-0.67,0.9,0.0,1,1.0,-0.67,-0.16,0.0
7,0,2,1,0.99,0.0,-0.39,0.04,1,0.99,0.33,-0.23,0.04,1,0.99,0.33,-0.54,0.03
7,1,2,1,1.0,0.0,-0.45,0.0,1,1.0,0.0,0.11,0.0,1,1.0,0.0,-0.53,0.0
7,0,2,1,1.0,-0.33,0.39,1.0,1,1.0,-1.0,-0.7,1.0,1,1.0,1.0,0.43,1.0
7,1,2,1,1.0,-0.67,0.83,0.0,1,1.0,-0.67,-0.12,0.0,1,1.0,-0.67,0.31,0.0
7,0,2,1,-0.99,0.67,-0.82,0.01,1,-0.99,0.67,-0.24,0.0,1,-0.99,0.67,-0.94,0.01
7,1,2,1,1.0,0.0,0.79,0.0,1,1.0,0.0,0.51,0.0,1,1.0,0.0,-0.34,0.0
7,0,2,1,1.0,0.0,0.64,1.0,1,1.0,-0.67,0.51,1.0,1,1.0,0.67,-0.85,0.88
7,1,2,1,1.0,-0.67,0.66,0.0,1,1.0,-0.67,-0.55,0.0,1,1.0,-0.67,0.02,0.0
7,0,2,1,-0.99,-0.33,-0.16,0.04,1,-0.99,0.33,0.93,0.07,1,-0.99,0.33,0.31,0.02
7,1,2,1,1.0,-0.67,-0.13,0.0,1,1.0,-0.67,-0.33,0.0,1,1.0,-0.67,-0.14,0.0
7,0,2,1,-0.8,-0.33,-0.61,0.0,1,-0.8,-0.33,-1.0,0.05,1,-0.8,0.33,-0.91,0.0
7,1,2,1,1.0,-0.67,0.59,0.0,1,1.0,-0.67,0.16,0.0,1,1.0,-0.67,0.3,0.0
7,0,2,1,-0.99,-0.33,-0.21,0.03,1,-0.99,-0.67,0.34,-0.01,1,-0.99,-0.33,-0.11,-0.01
7,1,2,1,1.0,-0.67,0.82,0.0,1,1.0,-0.67,-0.11,0.0,1,1.0,-0.67,-0.15,0.0
7,0,2,1,-0.84,0.0,-0.75,0.05,1,-0.84,0.33,-0.45,0.03,1,-0.84,0.33,-0.86,0.03
7,1,2,1,1.0,0.0,-0.43,0.0,1,1.0,0.0,-0.44,0.0,1,1.0,0.0,0.32,0.0
7,0,2,1,1.0,-0.67,0.44,0.42,1,1.0,-1.0,0.35,0.25,1,1.0,0.67,0.55,0.25
7,1,2,1,1.0,-0.67,0.48,0.0,1,1.0,-0.67,0.58,0.0,1,1.0,-0.67,-0.84,0.0
7,0,2,1,0.99,0.33,0.08,0.0,1,0.99,0.33,0.52,-0.02,1,0.99,0.33,-0.05,-0.01
7,1,2,1,1.0,0.0,0.34,0.0,1,1.0,0.0,0.69,0.0,1,1.0,0.0,0.89,0.0
7,0,2,1,0.99,0.0,0.54,0.75,1,0.99,-1.0,0.83,0.88,1,0.99,-1.0,-0.46,0.88
7,1,2,1,1.0,-0.67,0.09,0.0,1,1.0,-0.67,0.85,0.0,1,1.0,-0.67,0.17,0.0
7,0,2,1,0.99,0.33,-0.62,0.0,1,0.99,0.33,0.91,-0.02,1,0.99,0.33,-0.37,-0.01
7,1,2,1,1.0,0.0,-0.58,0.0,1,1.0,0.0,0.94,0.0,1,1.0,0.0,0.66,-0.08
7,0,2,1,0.99,-0.67,0.24,0.62,1,0.99,-1.0,-0.74,0.62,1,0.99,-1.0,-0.37,0.62
7,1,2,1,1.0,-0.67,0.14,0.0,1,1.0,-0.67,-0.87,0.0,1,1.0,-0.67,-0.9,0.0
7,0,2,1,-0.8,0.0,0.39,-0.1,1,-0.8,0.33,0.29,-0.09,1,-0.8,1.0,0.02,-0.08
7,1,2,1,1.0,0.0,-0.57,0.0,1,1.0,0.0,-0.24,0.0,1,1.0,0.0,-0.39,0.0
7,0,2,1,1.0,0.67,1.0,0.31,1,1.0,-1.0,-1.0,0.31,1,1.0,0.67,-0.16,0.31
8,1,1,-1,1.0,0.0,0.0,0.0,-1,1.0,0.0,0.0,0.0,-1,1.0,0.0,0.35,0.0
8,0,1,-1,0.96,0.33,-0.5,0.03,-1,0.96,0.67,-0.76,0.01,-1,0.96,0.67,0.76,0.02
8,1,1,-1,1.0,0.0,0.63,0.0,-1,1.0,0.0,-0.02,0.0,-1,1.0,0.0,-0.84,0.0
8,0,1,-1,1.0,-0.33,0.13,0.2,-1,1.0,-0.33,0.59,0.24,-1,1.0,-0.67,-0.54,0.17
8,1,1,-1,1.0,-0.67,0.06,0.0,-1,1.0,-0.67,-0.08,0.0,-1,1.0,-0.67,0.16,0.0
8,0,1,-1,-0.98,0.33,0.56,-0.01,-1,-0.98,0.33,0.26,-0.02,-1,-0.98,0.67,0.74,-0.01
8,1,1,-1,1.0,0.0,0.66,0.0,-1,1.0,0.0,0.84,0.0,-1,1.0,0.0,-0.77,-0.08
8,0,1,-1,1.0,-0.67,0.87,0.42,-1,1.0,-1.0,0.77,0.25,-1,1.0,0.67,-0.22,0.25
8,1,1,-1,1.0,-0.67,-0.41,0.0,-1,1.0,-0.67,0.12,0.0,-1,1.0,-0.67,0.32,0.0
8,0,1,-1,0.91,1.0,-0.69,-0.15,-1,0.91,0.33,0.45,-0.12,-1,0.91,0.67,0.89,-0.11
8,1,1,-1,1.0,0.0,-0.28,0.0,-1,1.0,0.0,-0.66,0.0,-1,1.0,0.0,0.31,0.0
8,0,1,-1,0.99,-0.67,-0.4,0.62,-1,0.99,-1.0,-0.94,0.62,-1,0.99,-1.0,0.14,0.62
8,1,1,-1,1.0,-0.67,-0.99,0.0,-1,1.0,-0.67,0.19,0.0,-1,1.0,-0.67,0.77,0.0
8,0,1,-1,-0.99,0.33,0.48,0.01,-1,-0.99,-0.67,0.91,-0.02,-1,-0.99,0.33,0.59,-0.02
8,1,1,-1,1.0,0.0,-0.07,0.0,-1,1.0,0.0,0.16,0.0,-1,1.0,0.0,0.54,-0.08
8,0,1,-1,1.0,0.0,0.13,1.0,-1,1.0,-0.67,0.53,1.0,-1,1.0,0.67,0.84,0.88
8,1,1,-1,1.0,-0.67,0.5,0.0,-1,1.0,-0.67,0.36,0.0,-1,1.0,-0.67,0.79,0.0
8,0,1,-1,0.88,1.0,-0.64,0.03,-1,0.88,1.0,-0.66,0.01,-1,0.88,1.0,0.88,0.01
8,1,1,-1,1.0,0.0,-0.62,0.0,-1,1.0,0.0,-0.66,0.0,-1,1.0,0.0,-0.39,-0.08
8,0,1,-1,0.99,-0.67,0.13,0.62,-1,0.99,-1.0,-0.56,0.62,-1,0.99,-1.0,-0.25,0.62
8,1,1,-1,1.0,-0.67,-0.38,0.0,-1,1.0,-0.67,0.71,0.0,-1,1.0,-0.67,0.33,0.0
8,0,1,-1,0.99,0.33,0.36,-0.02,-1,0.99,0.33,-0.83,-0.04,-1,0.99,0.33,0.83,-0.02
8,1,1,-1,1.0,0.0,-0.47,0.0,-1,1.0,0.0,-0.05,0.0,-1,1.0,0.0,-0.23,0.0
8,0,1,-1,1.0,-0.67,0.77,0.42,-1,1.0,-1.0,0.5,0.25,-1,1.0,0.67,-0.53,0.25
8,1,1,-1,1.0,0.0,0.17,0.0,-1,1.0,0.0,-0.13,0.0,-1,1.0,0.0,-0.35,0.0
8,0,1,-1,0.69,-0.33,-0.86,-0.04,-1,0.69,-0.67,-0.3,0.03,-1,0.69,0.33,0.72,-0.03
8,1,1,-1,1.0,0.0,-0.42,0.0,-1,1.0,0.0,0.08,0.0,-1,1.0,0.0,0.37,-0.08
8,0,1,-1,1.0,0.0,0.74,1.0,-1,1.0,-0.67,-0.49,1.0,-1,1.0,0.67,-0.06,0.88
8,1,1,-1,0.96,-0.67,0.13,0.0,-1,0.96,-0.67,-0.49,0.0,-1,0.96,-0.67,-0.76,-0.08
8,0,1,-1,1.0,-0.67,-0.58,0.42,-1,1.0,-1.0,0.82,0.25,-1,1.0,0.67,0.1,0.25
8,1,1,-1,0.96,-0.67,-0.35,0.0,-1,0.96,-0.67,0.04,0.0,-1,0.96,-0.67,0.42,-0.08
8,0,1,-1,1.0,-0.67,-0.35,0.42,-1,1.0,-1.0,-0.83,0.25,-1,1.0,0.67,-0.01,0.25
8,1,1,-1,0.98,0.0,0.43,0.0,-1,0.98,0.0,0.43,0.0,-1,0.98,0.0,0.23,-0.08
8,0,1,-1,1.0,-0.67,-0.01,0.42,-1,1.0,-1.0,-0.16,0.25,-1,1.0,0.67,0.94,0.25
8,1,1,-1,0.99,-0.67,0.47,0.0,-1,0.99,-0.67,-0.75,0.0,-1,0.99,-0.67,0.18,0.0
8,0,1,-1,-0.99,0.33,-0.88,0.02,-1,-0.99,0.33,0.79,0.06,-1,-0.99,0.33,-0.9,0.01
8,1,1,-1,1.0,0.0,-0.8,0.0,-1,1.0,0.0,0.9,0.0,-1,1.0,0.0,-0.45,-0.08
8,0,1,-1,0.99,-0.67,-0.92,0.62,-1,0.99,-1.0,-0.03,0.62,-1,0.99,-1.0,-0.16,0.62
8,1,1,-1,0.99,-0.67,-0.96,0.0,-1,0.99,-0.67,-0.55,0.0,-1,0.99,-0.67,0.83,0.0
8,0,1,-1,-0.98,-0.67,0.53,0.01,-1,-0.98,-0.67,0.45,-0.04,-1,-0.98,-0.67,0.76,0.0
8,1,1,-1,1.0,0.0,0.6,0.0,-1,1.0,0.0,0.12,0.0,-1,1.0,0.0,0.23,-0.08
8,0,1,-1,1.0,0.0,-0.18,1.0,-1,1.0,-0.67,-0.31,1.0,-1,1.0,0.67,0.49,0.88
8,1,1,-1,0.99,-0.67,-0.71,0.0,-1,0.99,-0.67,-0.84,0.0,-1,0.99,-0.67,-0.57,0.0
8,0,1,-1,0.99,0.0,0.71,0.02,-1,0.99,0.33,-0.65,0.03,-1,0.99,0.33,-0.78,0.01
8,1,1,-1,0.99,-0.67,-0.91,0.0,-1,0.99,-0.67,0.74,0.0,-1,0.99,-0.67,0.05,0.0
8,0,1,-1,0.99,0.0,0.07,0.02,-1,0.99,0.33,0.2,0.03,-1,0.99,0.33,-0.26,0.01
8,1,1,-1,1.0,0.0,0.31,0.0,-1,1.0,0.0,-0.64,0.0,-1,1.0,0.0,-0.01,-0.08
8,0,1,-1,1.0,-0.67,0.31,0.42,-1,1.0,-1.0,0.74,0.25,-1,1.0,0.67,0.18,0.25
8,1,1,-1,1.0,-0.67,-0.11,0.0,-1,1.0,-0.67,-0.91,0.0,-1,1.0,-0.67,-0.03,0.0
8,0,1,-1,-0.98,0.33,0.28,-0.01,-1,-0.98,0.33,0.13,-0.02,-1,-0.98,0.67,-0.31,-0.01
8,1,1,-1,1.0,0.0,0.59,0.0,-1,1.0,0.0,-0.75,0.0,-1,1.0,0.0,0.66,-0.08
8,0,1,-1,1.0,0.0,0.72,1.0,-1,1.0,-0.67,-0.88,1.0,-1,1.0,0.67,0.87,0.88
8,1,1,-1,1.0,-0.67,0.44,0.0,-1,1.0,-0.67,-0.79,0.0,-1,1.0,-0.67,-0.4,0.0
8,0,1,-1,-0.98,0.33,0.83,-0.01,-1,-0.98,0.33,-0.28,-0.02,-1,-0.98,0.67,0.66,-0.01
8,1,1,-1,1.0,-0.67,0.52,0.0,-1,1.0,-0.67,-0.86,0.0,-1,1.0,-0.67,0.39,0.0
8,0,1,-1,0.91,1.0,-0.05,-0.15,-1,0.91,0.33,-0.83,-0.12,-1,0.91,0.67,0.49,-0.11
8,1,1,-1,1.0,0.0,-0.97,0.0,-1,1.0,0.0,-0.67,0.0,-1,1.0,0.0,-0.42,-0.08
8,0,1,-1,0.99,0.0,0.74,0.75,-1,0.99,-1.0,0.55,0.88,-1,0.99,-1.0,0.89,0.88
8,1,1,-1,1.0,-0.67,0.75,0.0,-1,1.0,-0.67,0.89,0.0,-1,1.0,-0.67,-0.1,0.0
8,0,1,-1,0.88,1.0,0.91,0.03,-1,0.88,1.0,0.4,0.01,-1,0.88,1.0,0.74,0.01
8,1,1,-1,1.0,0.0,-0.94,0.0,-1,1.0,0.0,-0.94,0.0,-1,1.0,0.0,-0.24,-0.08
8,0,1,-1,1.0,-0.67,0.14,0.42,-1,1.0,-1.0,0.69,0.25,-1,1.0,0.67,0.17,0.25
8,1,1,-1,1.0,-0.67,0.01,0.0,-1,1.0,-0.67,-0.36,0.0,-1,1.0,-0.67,-0.81,0.0
8,0,1,-1,-0.99,0.33,-0.62,0.01,-1,-0.99,-0.67,-0.91,-0.02,-1,-0.99,0.33,0.5,-0.02
8,1,1,-1,1.0,0.0,-0.5,0.0,-1,1.0,0.0,-0.73,0.0,-1,1.0,0.0,-0.08,-0.08
8,0,1,-1,1.0,0.67,-0.05,0.27,-1,1.0,-1.0,-0.58,0.27,-1,1.0,-1.0,0.68,0.27
9,1,1,-1,1.0,0.0,-0.71,0.0,-1,1.0,0.0,0.53,0.0,-1,1.0,0.0,-0.96,0.0
9,0,1,-1,0.96,0.33,-0.6,0.03,-1,0.96,0.67,0.63,0.01,-1,0.96,0.67,0.16,0.02
9,1,1,-1,1.0,0.0,-0.87,0.0,-1,1.0,0.0,0.65,0.0,-1,1.0,0.0,-0.35,0.0
9,0,1,-1,1.0,-0.33,-0.04,0.2,-1,1.0,-0.33,0.05,0.24,-1,1.0,-0.67,-0.68,0.17
9,1,1,-1,0.99,-0.67,0.03,0.0,-1,0.99,-0.67,-0.04,0.0,-1,0.99,-0.67,-0.52,0.0
9,0,1,-1,-0.99,0.67,-0.24,0.01,-1,-0.99,0.67,-0.04,0.0,-1,-0.99,0.67,0.74,0.01
9,1,1,-1,1.0,0.0,0.88,0.0,-1,1.0,0.0,-0.45,0.0,-1,1.0,0.0,-0.01,0.0
9,0,1,-1,1.0,-0.33,-0.26,1.0,-1,1.0,-1.0,0.84,1.0,-1,1.0,1.0,0.92,1.0
9,1,1,-1,1.0,-0.67,0.84,0.0,-1,1.0,-0.67,-0.11,0.0,-1,1.0,-0.67,-0.13,0.0
9,0,1,-1,-0.8,0.0,0.14,-0.1,-1,-0.8,0.33,-0.23,-0.09,-1,-0.8,0.67,-0.59,-0.08
9,1,1,-1,1.0,0.0,-0.86,0.0,-1,1.0,0.0,0.06,0.0,-1,1.0,0.0,-0.21,0.0
9,0,1,-1,1.0,-0.33,-0.3,1.0,-1,1.0,-1.0,0.91,1.0,-1,1.0,1.0,-0.64,1.0
9,1,1,-1,1.0,-0.67,0.65,0.0,-1,1.0,-0.67,0.74,0.0,-1,1.0,-0.67,-0.24,0.0
9,0,1,-1,-0.99,0.67,-0.15,0.01,-1,-0.99,0.67,-0.82,0.0,-1,-0.99,0.67,-0.61,0.01
9,1,1,-1,1.0,0.0,0.05,0.0,-1,1.0,0.0,0.57,0.0,-1,1.0,0.0,0.36,0.0
9,0,1,-1,0.99,0.0,0.23,0.75,-1,0.99,-1.0,-0.44,0.88,-1,0.99,-1.0,0.97,0.88
9,1,1,-1,1.0,-0.67,0.17,0.0,-1,1.0,-0.67,0.29,0.0,-1,1.0,-0.67,-0.42,0.0
9,0,1,-1,-0.84,0.0,0.33,0.05,-1,-0.84,0.33,0.6,0.03,-1,-0.84,0.33,0.78,0.03
9,1,1,-1,1.0,0.0,0.21,0.0,-1,1.0,0.0,0.4,0.0,-1,1.0,0.33,0.62,0.0
9,0,1,-1,1.0,-0.33,-0.25,1.0,-1,1.0,-0.33,0.79,1.0,-1,1.0,0.0,0.56,0.5
9,1,1,-1,0.99,-0.67,0.22,0.0,-1,0.99,-0.67,0.5,0.0,-1,0.99,-0.67,0.31,0.0
9,0,1,-1,-0.75,0.0,-0.59,0.05,-1,-0.75,0.33,0.47,0.01,-1,-0.75,1.0,-0.61,0.03
9,1,1,-1,0.98,0.0,-0.78,0.0,-1,0.98,0.0,-0.52,0.0,-1,0.98,0.0,0.78,0.0
9,0,1,-1,0.99,0.0,0.72,0.75,-1,0.99,-1.0,0.03,0.88,-1,0.99,-1.0,0.4,0.88
9,1,1,-1,0.98,-0.67,-0.29,0.0,-1,0.98,-0.67,0.4,0.0,-1,0.98,-0.67,-0.26,0.0
9,0,1,-1,0.99,0.0,-0.13,0.04,-1,0.99,0.33,0.79,0.04,-1,0.99,0.33,0.57,0.03
9,1,1,-1,1.0,0.0,-0.88,0.0,-1,1.0,0.0,0.3,0.0,-1,1.0,0.0,0.86,0.0
9,0,1,-1,0.99,0.0,-0.68,0.75,-1,0.99,-1.0,-0.09,0.88,-1,0.99,-1.0,0.68,0.88
9,1,1,-1,0.99,-0.67,-0.38,0.0,-1,0.99,-0.67,-0.01,0.0,-1,0.99,-0.67,-0.83,0.0
9,0,1,-1,-0.99,0.67,-0.27,0.01,-1,-0.99,0.67,0.54,0.0,-1,-0.99,0.67,0.52,0.01
9,1,1,-1,1.0,0.0,0.58,0.0,-1,1.0,0.0,0.7,0.0,-1,1.0,0.0,-0.72,0.0
9,0,1,-1,1.0,-0.67,-0.97,0.42,-1,1.0,-1.0,-0.1,0.25,-1,1.0,0.67,0.24,0.25
9,1,1,-1,0.99,-0.67,-0.13,0.0,-1,0.99,-0.67,-0.95,0.0,-1,0.99,-0.67,-0.48,0.0
9,0,1,-1,-0.99,-0.33,-0.26,0.03,-1,-0.99,-0.67,-0.09,-0.01,-1,-0.99,0.33,0.45,-0.01
9,1,1,-1,1.0,0.0,0.52,0.0,-1,1.0,0.0,-0.26,0.0,-1,1.0,0.0,0.54,0.0
9,0,1,-1,0.99,0.0,-0.25,0.75,-1,0.99,-1.0,0.52,0.88,-1,0.99,-1.0,0.45,0.88
9,1,1,-1,1.0,-0.67,-0.11,0.0,-1,1.0,-0.67,0.62,0.0,-1,1.0,-0.67,-0.84,0.0
9,0,1,-1,0.99,0.33,0.4,0.0,-1,0.99,0.33,-0.09,-0.02,-1,0.99,0.33,-0.1,-0.01
9,1,1,-1,1.0,0.0,-0.06,0.0,-1,1.0,0.0,-0.28,0.0,-1,1.0,0.0,-0.66,0.0
9,0,1,-1,1.0,0.0,-0.57,1.0,-1,1.0,-0.67,0.7,1.0,-1,1.0,0.67,0.64,0.88
9,1,1,-1,1.0,0.0,-0.37,0.0,-1,1.0,0.0,0.14,0.0,-1,1.0,0.0,-0.21,0.0
9,0,1,-1,-0.8,-0.33,0.96,0.0,-1,-0.8,-0.33,0.63,0.05,-1,-0.8,0.33,0.87,0.0
9,1,1,-1,1.0,0.0,0.26,0.0,-1,1.0,0.0,0.92,0.0,-1,1.0,0.0,0.91,0.0
9,0,1,-1,0.99,-0.67,0.34,0.62,-1,0.99,-1.0,0.84,0.62,-1,0.99,-1.0,0.77,0.62
9,1,1,-1,0.99,-0.67,-0.53,0.0,-1,0.99,-0.67,0.21,0.0,-1,0.99,-0.67,0.35,0.0
9,0,1,-1,-0.99,-0.33,0.8,0.04,-1,-0.99,0.33,-0.2,0.07,-1,-0.99,0.33,-0.58,0.02
9,1,1,-1,1.0,0.0,0.17,0.0,-1,1.0,0.0,0.66,0.0,-1,1.0,0.0,0.0,0.0
9,0,1,-1,0.99,-0.67,-0.91,0.62,-1,0.99,-1.0,0.58,0.62,-1,0.99,-1.0,-0.02,0.62
9,1,1,-1,0.99,-0.67,-0.01,0.0,-1,0.99,-0.67,-0.13,0.0,-1,0.99,-0.67,-0.57,0.0
9,0,1,-1,-0.99,0.33,-0.51,0.03,-1,-0.99,0.33,-0.65,-0.02,-1,-0.99,0.33,0.48,0.01
9,1,1,-1,1.0,0.0,0.09,0.0,-1,1.0,0.0,-0.41,0.0,-1,1.0,0.0,0.97,0.0
9,0,1,-1,1.0,-0.67,-0.3,0.42,-1,1.0,-1.0,0.57,0.25,-1,1.0,0.67,-0.37,0.25
9,1,1,-1,1.0,-0.67,0.67,0.0,-1,1.0,-0.67,0.22,0.0,-1,1.0,-0.67,0.32,0.0
9,0,1,-1,-0.98,0.33,0.91,0.03,-1,-0.98,0.33,0.71,0.01,-1,-0.98,0.33,-0.81,0.01
9,1,1,-1,-1.0,0.0,-0.73,0.0,-1,-1.0,0.0,0.6,0.0,-1,-1.0,0.0,0.54,0.0
9,0,1,-1,0.96,0.0,-0.27,0.2,-1,0.96,0.33,-0.34,0.0,-1,0.96,0.33,0.77,0.15
9,1,1,-1,1.0,-0.67,0.97,0.0,-1,1.0,-0.67,-0.11,0.0,-1,1.0,-0.67,-0.98,0.0
9,0,1,-1,-0.99,-0.33,-0.74,0.03,-1,-0.99,-0.67,-0.09,-0.01,-1,-0.99,0.33,0.68,-0.01
9,1,1,-1,1.0,0.0,-0.58,0.0,-1,1.0,0.0,-0.71,0.0,-1,1.0,0.0,0.99,0.0
9,0,1,-1,0.99,0.0,0.37,0.75,-1,0.99,-1.0,0.45,0.88,-1,0.99,-1.0,-0.91,0.88
9,1,1,-1,1.0,-0.67,0.9,0.0,-1,1.0,-0.67,-0.87,0.0,-1,1.0,-0.67,-0.95,0.0
9,0,1,-1,1.0,0.33,-0.16,-0.02,-1,1.0,0.67,0.34,-0.03,-1,1.0,0.33,-0.77,-0.03
9,1,1,-1,1.0,0.0,0.6,0.0,-1,1.0,0.0,-0.02,0.0,-1,1.0,0.0,0.32,0.0
9,0,1,-1,0.9,0.33,-0.48,-0.01,-1,0.9,0.33,-0.81,0.07,-1,0.9,0.33,0.7,-0.02
9,1,1,-1,1.0,-0.67,0.63,0.0,-1,1.0,-0.67,0.66,0.0,-1,1.0,-0.67,0.12,0.0
9,0,1,-1,-0.99,0.67,-0.03,0.01,-1,-0.99,0.67,0.45,-0.01,-1,-0.99,0.67,-0.36,-0.01
9,1,1,-1,1.0,-0.67,0.58,0.0,-1,1.0,-0.67,-0.61,0.0,-1,1.0,-0.67,-0.02,0.0
9,0,1,-1,-0.96,0.0,-0.65,-0.05,-1,-0.96,0.67,0.99,-0.06,-1,-0.96,0.67,0.52,-0.05
9,1,1,-1,0.99,-0.67,-0.17,0.0,-1,0.99,-0.67,0.03,0.0,-1,0.99,-0.67,-0.99,0.0
9,0,1,-1,0.99,-0.67,-0.04,0.0,-1,0.99,-0.67,0.8,0.0,-1,0.99,-0.67,0.16,0.0
9,1,1,-1,0.99,-0.67,0.4,0.0,-1,0.99,-0.67,-0.63,0.0,-1,0.99,-0.67,0.23,0.0
9,0,1,-1,-0.99,0.33,-0.33,0.03,-1,-0.99,-0.67,0.87,0.03,-1,-0.99,-0.67,0.15,0.01
9,1,1,-1,0.99,-0.67,0.34,0.0,-1,0.99,-0.67,0.87,0.0,-1,0.99,-0.67,-0.21,0.0
9,0,1,-1,0.99,0.67,0.51,0.1,-1,0.99,-1.0,0.2,0.06,-1,0.99,0.67,-0.31,0.08
10,1,1,-1,1.0,0.0,-0.96,0.0,-1,1.0,0.0,0.58,0.0,-1,1.0,0.0,-0.21,0.0
10,0,1,-1,0.96,0.33,0.95,0.03,-1,0.96,0.67,0.12,0.01,-1,0.96,0.67,-0.75,0.02
10,1,1,-1,1.0,0.0,-0.76,0.0,-1,1.0,0.0,1.0,0.0,-1,1.0,0.0,-0.5,0.0
10,0,1,-1,1.0,-0.33,-0.43,0.2,-1,1.0,-0.33,0.73,0.24,-1,1.0,-0.67,-0.73,0.17
10,1,1,-1,0.99,-0.67,0.86,0.0,-1,0.99,-0.67,0.75,0.0,-1,0.99,-0.67,-0.26,0.0
10,0,1,-1,-0.98,0.33,-0.75,-0.01,-1,-0.98,0.33,-0.73,-0.02,-1,-0.98,0.67,0.75,-0.01
10,1,1,-1,1.0,0.0,-0.05,0.0,-1,1.0,0.0,-0.05,0.0,-1,1.0,0.0,0.56,0.0
10,0,1,-1,1.0,-0.67,0.39,0.42,-1,1.0,-1.0,-0.7,0.25,-1,1.0,0.67,0.46,0.25
10,1,1,-1,0.99,-0.67,-0.02,0.0,-1,0.99,-0.67,-0.77,0.0,-1,0.99,-0.67,-0.21,0.0
10,0,1,-1,0.91,1.0,0.42,-0.15,-1,0.91,0.33,0.19,-0.12,-1,0.91,0.67,-0.7,-0.11
10,1,1,-1,1.0,0.0,-0.01,0.0,-1,1.0,0.0,0.64,0.0,-1,1.0,0.0,-0.56,-0.08
10,0,1,-1,1.0,0.0,0.68,1.0,-1,1.0,-0.67,0.64,1.0,-1,1.0,0.67,-0.3,0.88
10,1,1,-1,0.99,-0.67,0.76,0.0,-1,0.99,-0.67,0.33,0.0,-1,0.99,-0.67,-0.33,0.0
10,0,1,-1,0.93,1.0,-0.47,0.03,-1,0.93,0.33,0.94,-0.01,-1,0.93,1.0,0.51,0.01
10,1,1,-1,1.0,0.0,-0.86,0.0,-1,1.0,0.0,0.36,0.0,-1,1.0,0.0,0.46,-0.08
10,0,1,-1,1.0,-0.33,-0.11,1.0,-1,1.0,-1.0,0.7,1.0,-1,1.0,1.0,-0.9,1.0
10,1,1,-1,0.99,-0.67,0.58,0.0,-1,0.99,-0.67,0.61,0.0,-1,0.99,-0.67,-0.68,0.0
10,0,1,-1,-0.99,0.33,-0.96,0.01,-1,-0.99,-0.67,-0.04,-0.02,-1,-0.99,0.33,-0.29,-0.02
10,1,1,-1,1.0,0.0,-0.1,0.0,-1,1.0,0.0,-0.08,0.0,-1,1.0,0.0,0.24,-0.08
10,0,1,-1,1.0,-0.33,-0.3,1.0,-1,1.0,-1.0,0.84,1.0,-1,1.0,1.0,-0.16,1.0
10,1,1,-1,0.99,-0.67,0.18,0.0,-1,0.99,-0.67,-0.87,0.0,-1,0.99,-0.67,-0.84,0.0
10,0,1,-1,0.99,0.33,0.82,-0.02,-1,0.99,0.33,0.25,-0.04,-1,0.99,0.33,-0.11,-0.02
10,1,1,-1,1.0,0.0,-0.53,0.0,-1,1.0,0.0,0.12,0.0,-1,1.0,0.0,-0.1,-0.08
10,0,1,-1,0.99,0.0,-0.64,0.75,-1,0.99,-1.0,0.97,0.88,-1,0.99,-1.0,0.77,0.88
10,1,1,-1,0.99,-0.67,0.08,0.0,-1,0.99,-0.67,0.08,0.0,-1,0.99,0.0,-0.26,0.0
10,0,1,-1,0.69,-0.33,-0.11,-0.04,-1,0.69,-0.67,-0.31,0.03,-1,0.69,0.33,0.27,-0.03
10,1,1,-1,1.0,0.0,0.2,0.0,-1,1.0,0.0,-0.94,0.0,-1,1.0,0.0,-0.15,-0.08
10,0,1,-1,1.0,0.0,0.75,1.0,-1,1.0,-0.67,-0.64,1.0,-1,1.0,0.67,0.48,0.88
10,1,1,-1,0.98,-0.67,-0.14,0.0,-1,0.98,-0.67,-0.46,0.0,-1,0.98,-0.67,-0.2,0.0
10,0,1,-1,-0.99,0.33,0.83,0.02,-1,-0.99,0.33,0.75,0.06,-1,-0.99,0.33,-0.46,0.01
10,1,1,-1,1.0,0.0,0.55,0.0,-1,1.0,0.0,-0.02,0.0,-1,1.0,0.0,-0.53,-0.08
10,0,1,-1,1.0,-0.33,-0.02,1.0,-1,1.0,-1.0,-0.15,1.0,-1,1.0,1.0,0.3,1.0
10,1,1,-1,0.99,-0.67,-0.2,0.0,-1,0.99,-0.67,-0.29,0.0,-1,0.99,-0.67,0.04,0.0
10,0,1,-1,-0.99,0.33,-0.12,0.01,-1,-0.99,0.33,0.88,-0.04,-1,-0.99,0.33,-0.53,0.0
10,1,1,-1,1.0,0.0,-0.37,0.0,-1,1.0,0.0,0.52,0.0,-1,1.0,0.0,0.56,-0.08
10,0,1,-1,1.0,-0.33,-0.3,1.0,-1,1.0,-1.0,0.99,1.0,-1,1.0,1.0,-0.95,1.0
10,1,1,-1,0.98,-0.67,-0.79,0.0,-1,0.98,-0.67,0.27,0.0,-1,0.98,-0.67,-0.37,0.0
10,0,1,-1,0.99,0.0,0.43,0.02,-1,0.99,0.33,0.53,0.03,-1,0.99,0.33,-0.12,0.01
10,1,1,-1,1.0,0.0,0.02,0.0,-1,1.0,0.0,0.95,0.0,-1,1.0,0.0,0.47,-0.08
10,0,1,-1,0.99,0.0,0.06,0.75,-1,0.99,-1.0,0.8,0.88,-1,0.99,-1.0,0.18,0.88
10,1,1,-1,1.0,-0.67,0.33,0.0,-1,1.0,-0.67,-0.95,0.0,-1,1.0,-0.67,-0.15,0.0
10,0,1,-1,0.93,1.0,-0.13,0.03,-1,0.93,0.33,-0.04,-0.01,-1,0.93,1.0,0.46,0.01
10,1,1,-1,1.0,-0.67,-0.53,0.0,-1,1.0,-0.67,-0.15,0.0,-1,1.0,-0.67,-0.83,0.0
10,0,1,-1,-0.99,1.0,0.38,-0.02,-1,-0.99,0.33,-0.08,-0.03,-1,-0.99,0.33,0.28,-0.03
10,1,1,-1,1.0,-0.67,-0.04,0.0,-1,1.0,-0.67,-0.29,0.0,-1,1.0,-0.67,0.59,0.0
10,0,1,-1,0.83,0.33,-0.4,0.01,-1,0.83,0.33,-0.46,-0.01,-1,0.83,0.33,-0.14,-0.02
10,1,1,-1,1.0,0.0,-0.94,0.0,-1,1.0,0.0,-0.08,0.0,-1,1.0,0.0,-0.37,0.0
10,0,1,-1,0.69,-0.33,-0.12,-0.04,-1,0.69,-0.67,-0.03,0.03,-1,0.69,0.33,0.98,-0.03
10,1,1,-1,0.99,-0.67,0.85,0.0,-1,0.99,-0.67,-0.39,0.0,-1,0.99,-0.67,0.82,0.0
10,0,1,-1,-0.99,0.33,0.56,0.02,-1,-0.99,0.33,0.29,0.06,-1,-0.99,0.33,-0.81,0.01
10,1,1,-1,1.0,0.0,-0.11,0.0,-1,1.0,0.0,0.34,0.0,-1,1.0,0.0,0.69,-0.08
10,0,1,-1,1.0,-0.67,0.91,0.42,-1,1.0,-1.0,0.89,0.25,-1,1.0,0.67,-0.68,0.25
10,1,1,-1,0.98,0.0,-0.4,0.0,-1,0.98,0.0,-0.23,0.0,-1,0.98,-0.67,0.16,0.0
10,0,1,-1,1.0,0.0,0.11,1.0,-1,1.0,0.0,-0.05,1.0,-1,1.0,0.0,-0.63,1.0
10,1,1,-1,0.99,-0.67,-0.84,0.0,-1,0.99,-0.67,0.06,0.0,-1,0.99,-0.67,-0.11,0.0
10,0,1,-1,0.68,0.33,-0.85,0.04,-1,0.68,0.33,0.51,-0.0,-1,0.68,0.33,-0.96,0.03
10,1,1,-1,0.98,-0.67,-0.34,0.0,-1,0.98,-0.67,-0.42,0.0,-1,0.98,-0.67,-0.33,0.0
10,0,1,-1,0.99,0.67,0.33,0.07,-1,0.99,-1.0,0.85,0.04,-1,0.99,0.67,0.95,0.06
11,1,2,1,1.0,0.0,0.77,0.0,1,1.0,0.0,-0.55,0.0,1,1.0,0.0,0.89,0.0
11,0,2,1,0.96,0.33,-0.18,0.03,1,0.96,0.67,-0.84,0.01,1,0.96,0.67,-0.5,0.02
11,1,2,1,1.0,0.0,0.8,0.0,1,1.0,0.0,-0.16,0.0,1,1.0,0.0,0.98,0.0
11,0,2,1,1.0,-0.33,0.88,0.2,1,1.0,-0.33,0.36,0.24,1,1.0,-0.67,0.12,0.17
11,1,2,1,1.0,0.0,0.04,0.0,1,1.0,0.0,-0.2,0.0,1,1.0,0.0,-0.49,0.0
11,0,2,1,-0.99,0.67,0.42,0.01,1,-0.99,0.67,0.58,0.0,1,-0.99,0.33,0.39,0.01
11,1,2,1,1.0,0.0,0.84,0.0,1,1.0,0.0,0.77,0.0,1,1.0,0.0,-0.26,0.0
11,0,2,1,0.99,0.0,0.54,0.75,1,0.99,-1.0,-0.73,0.88,1,0.99,-1.0,0.39,0.88
11,1,2,1,1.0,-0.67,0.5,0.0,1,1.0,-0.67,-0.68,0.0,1,1.0,-0.67,-0.93,0.0
11,0,2,1,-0.93,0.0,-0.49,-0.1,1,-0.93,0.67,0.05,-0.08,1,-0.93,1.0,-0.19,-0.07
11,1,2,1,1.0,0.0,0.15,0.0,1,1.0,0.0,-0.44,0.0,1,1.0,0.0,0.01,0.0
11,0,2,1,1.0,0.33,-0.59,1.0,1,1.0,-1.0,0.47,1.0,1,1.0,1.0,0.48,1.0
11,1,2,1,1.0,-0.67,-0.85,0.0,1,1.0,-0.67,0.27,0.0,1,1.0,-0.67,0.16,0.0
11,0,2,1,-0.91,0.0,0.15,0.05,1,-0.91,0.0,-0.89,0.01,1,-0.91,1.0,0.46,0.04
11,1,2,1,1.0,0.0,0.78,0.0,1,1.0,0.0,-0.95,0.0,1,1.0,0.0,0.23,0.0
11,0,2,1,1.0,0.0,0.91,0.42,1,1.0,-1.0,-0.8,0.25,1,1.0,0.67,-0.33,0.25
11,1,2,1,1.0,-0.67,0.9,0.0,1,1.0,-0.67,-0.44,0.0,1,1.0,-0.67,0.29,0.0
11,0,2,1,-1.0,-0.33,-0.24,0.03,1,-1.0,-0.67,-0.31,-0.01,1,-1.0,-0.33,0.35,0.01
11,1,2,1,1.0,0.0,0.75,0.0,1,1.0,0.0,-0.57,0.0,1,1.0,0.0,0.45,0.0
11,0,2,1,1.0,0.0,0.02,0.42,1,1.0,-1.0,-0.25,0.25,1,1.0,0.67,0.34,0.25
11,1,2,1,1.0,-0.67,-0.02,0.0,1,1.0,-0.67,-0.19,0.0,1,1.0,-0.67,-0.72,0.0
11,0,2,1,0.97,0.33,-0.21,0.0,1,0.97,0.33,-0.5,-0.02,1,0.97,0.33,-0.09,-0.01
11,1,2,1,1.0,0.0,0.2,0.0,1,1.0,0.0,0.2,0.0,1,1.0,0.0,0.08,0.0
11,0,2,1,1.0,0.0,-0.88,0.42,1,1.0,-1.0,-0.49,0.25,1,1.0,0.67,0.63,0.25
11,1,2,1,1.0,0.0,0.65,0.0,1,1.0,0.0,0.74,0.0,1,1.0,0.0,-0.74,0.0
11,0,2,1,-0.92,-0.33,0.91,0.0,1,-0.92,-0.33,-0.45,0.05,1,-0.92,0.33,0.56,0.0
11,1,2,1,1.0,0.0,-0.62,0.0,1,1.0,0.0,0.1,0.0,1,1.0,0.0,0.28,0.0
11,0,2,1,0.99,0.0,-0.87,0.75,1,0.99,-1.0,0.53,0.88,1,0.99,-1.0,-0.79,0.88
11,1,2,1,1.0,-0.67,0.62,0.0,1,1.0,-0.67,-0.01,0.0,1,1.0,-0.67,0.19,0.0
11,0,2,1,-0.99,-0.33,0.54,0.04,1,-0.99,0.33,0.83,0.07,1,-0.99,0.33,-0.56,0.02
11,1,2,1,1.0,0.0,-0.48,0.0,1,1.0,0.0,-0.91,0.0,1,1.0,0.0,-0.77,0.0
11,0,2,1,0.98,0.0,-0.29,0.62,1,0.98,-1.0,0.39,0.62,1,0.98,0.0,0.81,0.62
11,1,2,1,1.0,-0.67,0.02,0.0,1,1.0,-0.67,-0.62,0.0,1,1.0,-0.67,0.78,0.0
11,0,2,1,-0.97,0.0,-0.08,0.02,1,-0.97,0.33,-0.84,0.01,1,-0.97,0.33,0.59,0.02
11,1,2,1,1.0,0.0,-0.49,0.0,1,1.0,0.0,0.47,0.0,1,1.0,0.0,0.07,0.0
11,0,2,1,0.99,0.0,0.39,0.75,1,0.99,-1.0,-0.7,0.88,1,0.99,-1.0,-0.06,0.88
11,1,2,1,1.0,-0.67,0.71,0.0,1,1.0,-0.67,-0.37,0.0,1,1.0,-0.67,-0.96,0.0
11,0,2,1,0.95,0.0,-0.39,0.04,1,0.95,0.33,0.74,0.04,1,0.95,0.33,0.8,0.03
11,1,2,1,1.0,0.0,0.17,0.0,1,1.0,0.0,0.43,0.0,1,1.0,0.0,-0.05,0.0
11,0,2,1,0.99,0.0,-0.2,0.75,1,0.99,-1.0,-0.85,0.88,1,0.99,-1.0,0.14,0.88
11,1,2,1,-1.0,0.0,-0.18,0.0,1,-1.0,0.0,-0.15,0.0,1,-1.0,0.0,0.75,0.0
11,0,2,1,-0.81,0.67,-0.91,0.4,1,-0.81,0.67,0.92,0.2,1,-0.81,0.67,0.45,0.2
11,1,2,1,1.0,0.0,0.39,0.0,1,1.0,0.0,-0.93,0.0,1,1.0,0.0,0.44,0.0
11,0,2,1,1.0,0.67,0.42,0.31,1,1.0,-1.0,-0.88,0.25,1,1.0,0.67,-0.76,0.25
12,1,2,1,1.0,0.0,-0.63,0.0,1,1.0,0.0,-0.3,0.0,1,1.0,0.0,0.52,0.0
12,0,2,1,0.96,0.33,-0.81,0.03,1,0.96,0.67,-0.29,0.01,1,0.96,0.67,-0.28,0.02
12,1,2,1,1.0,0.0,-0.14,0.0,1,1.0,0.0,-0.48,0.0,1,1.0,0.0,0.86,0.0
12,0,2,1,1.0,-0.33,-0.96,0.2,1,1.0,-0.33,0.86,0.24,1,1.0,-0.67,-0.14,0.17
12,1,2,1,1.0,0.0,0.52,0.0,1,1.0,0.0,-1.0,0.0,1,1.0,0.0,0.72,0.0
12,0,2,1,1.0,0.0,0.49,0.42,1,1.0,-1.0,0.37,0.25,1,1.0,0.67,0.23,0.25
12,1,2,1,1.0,0.0,-0.01,0.0,1,1.0,0.0,-0.17,0.0,1,1.0,0.0,-0.4,0.0
12,0,2,1,-0.99,0.67,-0.91,0.01,1,-0.99,0.67,-0.82,0.0,1,-0.99,0.33,-0.86,0.01
12,1,2,1,1.0,0.0,0.55,0.0,1,1.0,0.0,-0.85,0.0,1,1.0,0.0,-0.25,0.0
12,0,2,1,1.0,0.0,-0.83,1.0,1,1.0,0.0,-0.42,1.0,1,1.0,0.67,-0.63,0.88
12,1,2,1,1.0,-0.67,0.48,0.0,1,1.0,-0.67,0.19,0.0,1,1.0,-0.67,0.56,0.0
12,0,2,1,-0.93,0.0,0.5,-0.1,1,-0.93,0.67,0.04,-0.08,1,-0.93,0.0,-0.21,-0.09
12,1,2,1,1.0,0.0,0.18,0.0,1,1.0,0.0,-0.11,0.0,1,1.0,0.0,-0.83,0.0
12,0,2,1,1.0,0.33,-0.31,1.0,1,1.0,-1.0,-0.03,1.0,1,1.0,1.0,-0.76,1.0
12,1,2,1,1.0,-0.67,0.12,0.0,1,1.0,-0.67,0.69,0.0,1,1.0,-0.67,0.13,0.0
12,0,2,1,-0.96,0.0,-0.82,0.05,1,-0.96,0.0,0.96,0.03,1,-0.96,1.0,0.74,0.03
12,1,2,1,1.0,0.0,0.19,0.0,1,1.0,0.0,0.3,0.0,1,1.0,0.0,0.61,0.0
12,0,2,1,1.0,0.0,-0.97,1.0,1,1.0,0.0,0.36,1.0,1,1.0,0.67,-0.0,0.88
12,1,2,1,1.0,-0.67,0.08,0.0,1,1.0,-0.67,0.93,0.0,1,1.0,-0.67,0.63,0.0
12,0,2,1,-1.0,-0.33,0.34,0.03,1,-1.0,-0.67,-0.63,-0.01,1,-1.0,-0.67,0.48,0.02
12,1,2,1,1.0,0.0,0.14,0.0,1,1.0,0.0,0.94,0.0,1,1.0,0.0,-0.52,0.0
12,0,2,1,1.0,0.33,0.69,1.0,1,1.0,-1.0,0.45,1.0,1,1.0,1.0,-0.62,1.0
12,1,2,1,1.0,-0.67,0.14,0.0,1,1.0,-0.67,0.23,0.0,1,1.0,-0.67,-0.34,0.0
12,0,2,1,0.97,0.33,-0.65,0.0,1,0.97,0.33,-0.71,-0.02,1,0.97,0.33,-0.42,-0.01
12,1,2,1,1.0,0.0,0.26,0.0,1,1.0,0.0,0.41,0.0,1,1.0,0.0,0.79,0.0
12,0,2,1,0.98,0.0,0.36,0.62,1,0.98,-1.0,-0.6,0.62,1,0.98,0.0,-0.56,0.62
12,1,2,1,1.0,0.0,0.59,0.0,1,1.0,0.0,0.22,0.0,1,1.0,0.0,0.01,0.0
12,0,2,1,-0.92,-0.33,0.33,0.0,1,-0.92,-0.33,0.06,0.05,1,-0.92,0.33,-0.64,0.0
12,1,2,1,1.0,0.0,-0.43,0.0,1,1.0,0.0,0.62,0.0,1,1.0,0.0,0.92,0.0
12,0,2,1,1.0,0.0,0.63,1.0,1,1.0,0.0,-0.52,1.0,1,1.0,0.67,-0.49,0.88
12,1,2,1,1.0,-0.67,-0.11,0.0,1,1.0,-0.67,-0.75,0.0,1,1.0,-0.67,0.56,0.0
12,0,2,1,-0.99,-0.33,-0.86,0.04,1,-0.99,0.33,-0.41,0.07,1,-0.99,0.33,-0.71,0.02
12,1,2,1,1.0,0.0,0.03,0.0,1,1.0,0.0,-0.84,0.0,1,1.0,0.0,-0.29,0.0
12,0,2,1,1.0,0.0,0.44,0.42,1,1.0,-1.0,0.08,0.25,1,1.0,0.67,0.29,0.25
12,1,2,1,1.0,-0.67,0.86,0.0,1,1.0,-0.67,-0.92,0.0,1,1.0,-0.67,0.21,0.0
12,0,2,1,-0.97,0.0,-0.33,0.02,1,-0.97,0.33,0.53,0.01,1,-0.97,0.33,-0.47,0.02
12,1,2,1,1.0,0.0,0.89,0.0,1,1.0,0.0,0.74,0.0,1,1.0,0.0,-0.77,0.0
12,0,2,1,1.0,0.33,0.16,1.0,1,1.0,-1.0,0.98,1.0,1,1.0,1.0,-0.15,1.0
12,1,2,1,1.0,-0.67,-0.58,0.0,1,1.0,-0.67,0.11,0.0,1,1.0,-0.67,-0.12,0.0
12,0,2,1,0.95,0.0,-0.39,0.04,1,0.95,0.33,0.24,0.04,1,0.95,0.33,-0.96,0.03
12,1,2,1,1.0,0.0,0.71,0.0,1,1.0,0.0,0.03,0.0,1,1.0,0.0,-1.0,0.0
12,0,2,1,1.0,0.0,-0.12,1.0,1,1.0,0.0,0.52,1.0,1,1.0,0.67,-0.98,0.88
12,1,2,1,-1.0,0.0,0.2,0.0,1,-1.0,0.0,-0.71,0.0,1,-1.0,0.0,0.85,0.0
12,0,2,1,-0.81,0.67,0.2,0.4,1,-0.81,0.67,-0.16,0.2,1,-0.81,0.67,0.9,0.2
12,1,2,1,1.0,0.0,-0.98,0.0,1,1.0,0.0,-0.37,0.0,1,1.0,0.0,0.5,0.0
12,0,2,1,1.0,0.33,-0.11,1.0,1,1.0,-0.67,-0.73,0.33,1,1.0,0.33,-0.13,0.33
12,1,2,1,-1.0,0.0,-0.94,0.0,1,-1.0,0.0,0.81,0.0,1,-1.0,0.0,0.66,0.0
12,0,2,1,-1.0,0.0,0.52,0.0,1,-1.0,0.0,0.4,0.0,1,-1.0,0.0,-0.61,0.0
12,1,2,1,1.0,0.0,0.16,0.0,1,1.0,0.0,0.77,0.0,1,1.0,0.0,-0.18,0.0
12,0,2,1,1.0,0.33,0.67,1.0,1,1.0,-0.67,-0.06,0.33,1,1.0,0.33,-0.12,0.33
12,1,2,1,-1.0,0.0,0.51,0.0,1,-1.0,0.0,-0.49,0.0,1,-1.0,0.0,0.2,0.0
12,0,2,1,-1.0,0.0,0.91,0.0,1,-1.0,0.0,0.19,0.0,1,-1.0,0.0,0.24,0.0
12,1,2,1,1.0,0.0,-0.87,0.0,1,1.0,0.0,0.59,0.0,1,1.0,0.0,-1.0,0.0
12,0,2,1,1.0,0.67,-0.74,0.31,1,1.0,-1.0,0.16,0.25,1,1.0,0.67,-0.75,0.25
13,1,2,1,1.0,0.0,-0.45,0.0,1,1.0,0.0,-0.55,0.0,1,1.0,0.0,0.58,0.0
13,0,2,1,-0.99,0.67,-0.97,0.01,1,-0.99,0.67,0.5,0.0,1,-0.99,0.33,0.89,0.01
13,1,2,1,1.0,0.0,0.39,0.0,1,1.0,0.0,-0.39,0.0,1,1.0,0.0,0.88,0.0
13,0,2,1,1.0,0.33,-1.0,1.0,1,1.0,-1.0,-0.25,1.0,1,1.0,1.0,-0.69,1.0
13,1,2,1,1.0,-0.67,0.51,0.0,1,1.0,-0.67,0.28,0.0,1,1.0,-0.67,-0.54,0.0
13,0,2,1,-0.93,0.0,-0.65,-0.1,1,-0.93,0.67,-0.71,-0.08,1,-0.93,0.0,0.87,-0.09
13,1,2,1,1.0,0.0,-0.03,0.0,1,1.0,0.0,0.48,0.0,1,1.0,0.0,-0.19,0.0
13,0,2,1,0.99,0.0,-0.14,0.75,1,0.99,-1.0,0.32,0.88,1,0.99,-1.0,-0.95,0.88
13,1,2,1,1.0,-0.67,-0.06,0.0,1,1.0,-0.67,0.74,0.0,1,1.0,-0.67,-0.92,0.0
13,0,2,1,-0.96,0.0,0.55,0.05,1,-0.96,0.0,0.93,0.03,1,-0.96,1.0,-0.21,0.03
13,1,2,1,1.0,0.0,0.33,0.0,1,1.0,0.0,0.83,0.0,1,1.0,0.0,0.6,0.0
13,0,2,1,0.99,0.0,0.31,0.75,1,0.99,-1.0,-0.19,0.88,1,0.99,-1.0,-0.41,0.88
13,1,2,1,1.0,-0.67,-0.98,0.0,1,1.0,-0.67,-0.27,0.0,1,1.0,-0.67,0.81,0.0
13,0,2,1,-1.0,-0.33,0.42,0.03,1,-1.0,-0.67,-0.98,-0.01,1,-1.0,-0.33,-0.39,0.01
13,1,2,1,1.0,0.0,0.88,0.0,1,1.0,0.0,-0.91,0.0,1,1.0,0.0,-0.66,0.0
13,0,2,1,1.0,0.0,0.51,1.0,1,1.0,0.0,0.85,1.0,1,1.0,0.67,0.66,0.88
13,1,2,1,1.0,-0.67,-0.8,0.0,1,1.0,-0.67,-0.59,0.0,1,1.0,-0.67,-0.52,0.0
13,0,2,1,0.97,0.33,0.9,0.0,1,0.97,0.33,-0.05,-0.02,1,0.97,0.33,0.78,-0.01
13,1,2,1,1.0,0.0,0.26,0.0,1,1.0,0.0,0.92,0.0,1,1.0,0.0,0.43,0.0
13,0,2,1,1.0,0.33,-0.33,1.0,1,1.0,-1.0,-0.26,1.0,1,1.0,1.0,-0.54,1.0
13,1,2,1,1.0,0.0,-0.2,0.0,1,1.0,0.0,-0.98,0.0,1,1.0,0.0,0.61,0.0
13,0,2,1,-0.92,-0.33,0.59,0.0,1,-0.92,-0.33,-0.96,0.05,1,-0.92,0.33,-0.87,0.0
13,1,2,1,1.0,0.0,0.97,0.0,1,1.0,0.0,-0.74,0.0,1,1.0,0.0,0.9,0.0
13,0,2,1,1.0,0.0,0.05,0.42,1,1.0,-1.0,-0.65,0.25,1,1.0,0.67,0.25,0.25
13,1,2,1,1.0,-0.67,0.39,0.0,1,1.0,-0.67,-0.71,0.0,1,1.0,-0.67,0.28,0.0
13,0,2,1,-0.99,-0.33,-0.67,0.04,1,-0.99,0.33,0.59,0.07,1,-0.99,0.33,-0.98,0.02
13,1,2,1,1.0,0.0,-0.71,0.0,1,1.0,0.0,-0.36,0.0,1,1.0,0.0,0.21,0.0
13,0,2,1,0.98,0.0,-0.89,0.62,1,0.98,-1.0,-0.54,0.62,1,0.98,0.0,-0.33,0.62
13,1,2,1,1.0,-0.67,-0.61,0.0,1,1.0,-0.67,-0.3,0.0,1,1.0,-0.67,-0.89,0.0
13,0,2,1,-0.97,0.0,0.77,0.02,1,-0.97,0.33,0.99,0.01,1,-0.97,0.33,-0.45,0.02
13,1,2,1,1.0,0.0,-0.96,0.0,1,1.0,0.0,0.59,0.0,1,1.0,0.0,0.9,0.0
13,0,2,1,1.0,0.33,-0.95,1.0,1,1.0,-1.0,0.1,1.0,1,1.0,1.0,0.97,1.0
13,1,2,1,1.0,-0.67,-0.21,0.0,1,1.0,-0.67,0.01,0.0,1,1.0,-0.67,0.43,0.0
13,0,2,1,0.95,0.0,0.35,0.04,1,0.95,0.33,-0.6,0.04,1,0.95,0.33,-0.08,0.03
13,1,2,1,1.0,0.0,-0.46,0.0,1,1.0,0.0,-0.26,0.0,1,1.0,0.0,0.52,0.0
13,0,2,1,1.0,0.0,-0.59,0.42,1,1.0,-1.0,0.67,0.25,1,1.0,0.67,0.64,0.25
13,1,2,1,-1.0,0.0,0.95,0.0,1,-1.0,0.0,-0.78,0.0,1,-1.0,0.0,-0.8,0.0
13,0,2,1,-0.81,0.67,-0.06,0.4,1,-0.81,0.67,-0.41,0.2,1,-0.81,0.67,-0.5,0.2
13,1,2,1,1.0,0.0,-0.0,0.0,1,1.0,0.0,-0.5,0.0,1,1.0,0.0,0.55,0.0
13,0,2,1,1.0,0.67,0.39,0.28,1,1.0,-1.0,-0.96,0.22,1,1.0,0.67,-0.99,0.22
14,1,2,1,1.0,0.0,0.29,0.0,1,1.0,0.0,-0.01,0.0,1,1.0,0.0,0.96,0.0
14,0,2,1,0.96,0.33,-0.61,0.03,1,0.96,0.67,-0.64,0.01,1,0.96,0.67,0.02,0.02
14,1,2,1,1.0,0.0,-0.41,0.0,1,1.0,0.0,-0.5,0.0,1,1.0,0.0,0.28,0.0
14,0,2,1,1.0,-0.33,-0.96,0.2,1,1.0,-0.33,0.79,0.24,1,1.0,-0.67,-0.08,0.17
14,1,2,1,0.98,0.0,0.1,0.0,1,0.98,0.0,0.76,0.0,1,0.98,0.0,0.52,-0.08
14,0,2,1,1.0,0.67,0.72,1.0,1,1.0,0.0,-0.96,1.0,1,1.0,1.0,0.21,1.0
14,1,2,1,1.0,-0.67,0.82,0.0,1,1.0,-0.67,0.44,0.0,1,1.0,-0.67,-0.4,0.0
14,0,2,1,1.0,0.0,0.06,1.0,1,1.0,0.0,0.91,1.0,1,1.0,1.0,0.08,0.88
14,1,2,1,1.0,-0.67,0.62,0.0,1,1.0,-0.67,0.05,0.0,1,1.0,-0.67,-0.78,0.0
15,0,2,1,1.0,0.67,0.86,0.21,1,1.0,-1.0,0.89,0.21,1,1.0,0.67,-0.08,0.21
15,1,2,1,1.0,0.0,0.57,0.0,1,1.0,0.0,-0.58,0.0,1,1.0,0.0,0.97,0.0
15,0,2,1,0.96,0.33,0.37,0.03,1,0.96,0.67,0.09,0.01,1,0.96,0.67,0.45,0.02
15,1,2,1,1.0,0.0,-0.28,0.0,1,1.0,0.0,0.52,0.0,1,1.0,0.0,-0.71,0.0
15,0,2,1,1.0,-0.33,-0.02,0.2,1,1.0,-0.33,-0.15,0.24,1,1.0,-0.67,0.59,0.17
15,1,2,1,1.0,0.0,0.94,0.0,1,1.0,0.0,0.87,0.0,1,1.0,0.0,-0.72,0.0
15,0,2,1,-0.99,0.67,0.1,0.01,1,-0.99,0.67,-0.66,0.0,1,-0.99,0.33,-0.27,0.01
15,1,2,1,1.0,0.0,0.6,0.0,1,1.0,0.0,0.29,0.0,1,1.0,0.0,-1.0,0.0
15,0,2,1,1.0,0.0,-0.72,1.0,1,1.0,0.0,-0.85,1.0,1,1.0,0.67,0.4,0.88
15,1,2,1,1.0,-0.67,-0.84,0.0,1,1.0,-0.67,-0.08,0.0,1,1.0,-0.67,0.23,0.0
15,0,2,1,-0.93,0.0,-0.33,-0.1,1,-0.93,0.67,-0.64,-0.08,1,-0.93,0.0,-0.21,-0.09
15,1,2,1,1.0,0.0,-0.31,0.0,1,1.0,0.0,0.89,0.0,1,1.0,0.0,-0.33,0.0
15,0,2,1,1.0,0.0,-0.11,1.0,1,1.0,0.0,0.1,1.0,1,1.0,0.67,-0.38,0.88
15,1,2,1,1.0,-0.67,-0.51,0.0,1,1.0,-0.67,-0.77,0.0,1,1.0,-0.67,0.86,0.0
15,0,2,1,-0.96,0.0,0.67,0.05,1,-0.96,0.0,-0.39,0.03,1,-0.96,1.0,-0.95,0.03
15,1,2,1,1.0,0.0,0.31,0.0,1,1.0,0.0,-0.85,0.0,1,1.0,0.0,0.28,0.0
15,0,2,1,1.0,0.0,0.05,1.0,1,1.0,0.0,-0.49,1.0,1,1.0,0.67,0.03,0.88
15,1,2,1,1.0,-0.67,-0.78,0.0,1,1.0,-0.67,-0.48,0.0,1,1.0,-0.67,-0.45,0.0
15,0,2,1,-1.0,-0.33,0.38,0.03,1,-1.0,-0.67,0.82,-0.01,1,-1.0,-0.33,0.07,0.01
15,1,2,1,1.0,0.0,-0.04,0.0,1,1.0,0.0,0.04,0.0,1,1.0,0.0,0.61,0.0
15,0,2,1,0.98,0.0,0.42,0.62,1,0.98,-1.0,0.37,0.62,1,0.98,0.0,-0.41,0.62
15,1,2,1,1.0,-0.67,-0.28,0.0,1,1.0,-0.67,0.24,0.0,1,1.0,-0.67,-0.79,0.0
15,0,2,1,-1.0,-0.33,-0.45,0.03,1,-1.0,-0.67,0.31,-0.01,1,-1.0,-0.33,-0.3,0.01
15,1,2,1,1.0,0.0,-0.62,0.0,1,1.0,0.0,0.93,0.0,1,1.0,0.0,0.93,0.0
15,0,2,1,1.0,0.0,-0.73,0.42,1,1.0,-1.0,-0.87,0.25,1,1.0,0.67,0.28,0.25
15,1,2,1,1.0,-0.67,0.19,0.0,1,1.0,-0.67,-0.0,0.0,1,1.0,-0.67,-0.22,0.0
15,0,2,1,0.97,0.33,-0.27,0.0,1,0.97,0.33,-0.38,-0.02,1,0.97,0.33,0.54,-0.01
15,1,2,1,1.0,0.0,-0.56,0.0,1,1.0,0.0,0.58,0.0,1,1.0,0.0,0.95,0.0
15,0,2,1,0.99,0.0,-0.43,0.75,1,0.99,-1.0,-0.22,0.88,1,0.99,-1.0,0.55,0.88
15,1,2,1,1.0,0.0,-0.57,0.0,1,1.0,0.0,-0.4,0.0,1,1.0,0.0,0.89,0.0
15,0,2,1,-0.92,-0.33,-0.06,0.0,1,-0.92,-0.33,-0.49,0.05,1,-0.92,0.33,-0.61,0.0
15,1,2,1,1.0,0.0,0.72,0.0,1,1.0,0.0,-0.21,0.0,1,1.0,0.0,0.2,0.0
15,0,2,1,1.0,0.33,-0.59,1.0,1,1.0,-1.0,-0.45,1.0,1,1.0,1.0,0.85,1.0
15,1,2,1,1.0,-0.67,0.4,0.0,1,1.0,-0.67,-0.11,0.0,1,1.0,-0.67,-0.75,0.0
15,0,2,1,-0.99,-0.33,0.64,0.04,1,-0.99,0.33,0.81,0.07,1,-0.99,0.33,-0.34,0.02
15,1,2,1,1.0,0.0,0.96,0.0,1,1.0,0.0,-0.08,0.0,1,1.0,0.0,-0.52,0.0
15,0,2,1,1.0,0.0,0.47,1.0,1,1.0,0.0,0.14,1.0,1,1.0,0.67,-0.11,0.88
15,1,2,1,1.0,-0.67,0.1,0.0,1,1.0,-0.67,-0.39,0.0,1,1.0,-0.67,0.11,0.0
15,0,2,1,-0.97,0.0,0.22,0.02,1,-0.97,0.33,-0.99,0.01,1,-0.97,0.33,-0.68,0.02
15,1,2,1,1.0,0.0,0.13,0.0,1,1.0,0.0,-0.93,0.0,1,1.0,0.0,-0.89,0.0
15,0,2,1,0.99,0.0,0.26,0.75,1,0.99,-1.0,0.62,0.88,1,0.99,-1.0,-0.43,0.88
15,1,2,1,1.0,-0.67,0.92,0.0,1,1.0,-0.67,0.9,0.0,1,1.0,-0.67,-0.88,0.0
15,0,2,1,-0.97,0.0,0.28,0.02,1,-0.97,0.33,-0.93,0.01,1,-0.97,0.33,0.66,0.02
15,1,2,1,1.0,0.0,-0.35,0.0,1,1.0,0.0,0.06,0.0,1,1.0,0.0,-0.02,0.0
15,0,2,1,1.0,0.0,-0.0,1.0,1,1.0,0.0,-0.83,1.0,1,1.0,0.67,0.51,0.88
15,1,2,1,1.0,-0.67,0.65,0.0,1,1.0,-0.67,0.85,0.0,1,1.0,-0.67,-0.88,0.0
15,0,2,1,-0.97,0.0,0.45,0.02,1,-0.97,0.33,0.84,0.01,1,-0.97,0.33,-0.67,0.02
15,1,2,1,1.0,0.0,-0.05,0.0,1,1.0,0.0,0.76,0.0,1,1.0,0.0,0.89,0.0
15,0,2,1,1.0,0.0,-0.66,0.42,1,1.0,-1.0,0.78,0.25,1,1.0,0.67,0.84,0.25
15,1,2,1,1.0,-0.67,0.08,0.0,1,1.0,-0.67,-0.64,0.0,1,1.0,-0.67,-0.02,0.0
15,0,2,1,0.95,0.0,-0.61,0.04,1,0.95,0.33,-0.69,0.04,1,0.95,0.33,-0.09,0.03
15,1,2,1,1.0,0.0,-0.41,0.0,1,1.0,0.0,0.23,0.0,1,1.0,0.0,-0.21,0.0
15,0,2,1,0.99,0.0,-0.88,0.75,1,0.99,-1.0,0.1,0.88,1,0.99,-1.0,-0.44,0.88
15,1,2,1,1.0,-0.67,0.86,0.0,1,1.0,-0.67,0.86,0.0,1,1.0,-0.67,0.86,0.0
15,0,2,1,0.95,0.67,-0.21,0.09,1,0.95,-1.0,-0.07,0.06,1,0.95,0.67,-0.9,0.07
16,1,1,-1,1.0,0.0,0.85,0.0,-1,1.0,0.0,0.65,0.0,-1,1.0,0.0,-0.78,0.0
16,0,1,-1,0.96,0.33,-0.03,0.03,-1,0.96,0.67,0.34,0.01,-1,0.96,0.67,-0.25,0.02
16,1,1,-1,1.0,0.0,0.16,0.0,-1,1.0,0.0,0.54,0.0,-1,1.0,0.0,0.72,0.0
16,0,1,-1,1.0,-0.33,0.47,0.2,-1,1.0,-0.33,-0.2,0.24,-1,1.0,-0.67,0.77,0.17
16,1,1,-1,1.0,0.0,-0.47,0.0,-1,1.0,0.0,-0.07,0.0,-1,1.0,0.0,0.15,0.0
16,0,1,-1,-0.99,0.67,-0.93,0.01,-1,-0.99,0.67,0.5,0.0,-1,-0.99,0.33,0.73,0.01
16,1,1,-1,1.0,0.0,0.25,0.0,-1,1.0,0.0,-0.43,0.0,-1,1.0,0.0,0.32,0.0
16,0,1,-1,1.0,0.0,0.92,0.42,-1,1.0,-1.0,-0.39,0.25,-1,1.0,0.67,-0.42,0.25
16,1,1,-1,1.0,0.0,-0.07,0.0,-1,1.0,0.0,0.07,0.0,-1,1.0,0.0,0.95,0.0
16,0,1,-1,-0.93,0.0,-0.12,-0.1,-1,-0.93,0.67,-0.59,-0.08,-1,-0.93,0.0,-0.88,-0.09
16,1,1,-1,1.0,0.0,-0.22,0.0,-1,1.0,0.0,0.62,0.0,-1,1.0,0.0,0.15,0.0
16,0,1,-1,1.0,0.0,0.36,0.42,-1,1.0,-1.0,-0.73,0.25,-1,1.0,0.67,0.75,0.25
16,1,1,-1,1.0,0.0,0.03,0.0,-1,1.0,0.0,1.0,0.0,-1,1.0,0.0,0.29,0.0
16,0,1,-1,-0.91,0.0,0.76,0.05,-1,-0.91,0.0,0.08,0.01,-1,-0.91,1.0,0.8,0.04
16,1,1,-1,1.0,0.0,-0.96,0.0,-1,1.0,0.0,0.13,0.0,-1,1.0,0.0,-0.05,0.0
16,0,1,-1,1.0,0.0,0.77,1.0,-1,1.0,0.0,-0.37,1.0,-1,1.0,0.67,0.64,0.88
16,1,1,-1,1.0,0.0,-0.18,0.0,-1,1.0,0.0,0.66,0.0,-1,1.0,0.0,-0.35,0.0
16,0,1,-1,-1.0,-0.33,-0.32,0.03,-1,-1.0,-0.67,0.77,-0.01,-1,-1.0,-0.33,0.41,0.01
16,1,1,-1,1.0,0.0,0.85,0.0,-1,1.0,0.0,-0.1,0.0,-1,1.0,0.0,0.26,0.0
16,0,1,-1,0.99,0.0,-0.77,0.75,-1,0.99,-1.0,-0.03,0.88,-1,0.99,-1.0,-0.25,0.88
16,1,1,-1,0.99,0.0,-0.85,0.0,-1,0.99,0.0,-0.14,0.0,-1,0.99,0.0,-0.37,0.0
16,0,1,-1,0.97,0.33,-0.33,0.0,-1,0.97,0.33,0.75,-0.02,-1,0.97,0.33,-0.94,-0.01
16,1,1,-1,1.0,0.0,0.13,0.0,-1,1.0,0.0,0.18,0.0,-1,1.0,0.0,0.89,0.0
16,0,1,-1,0.98,0.0,0.32,0.62,-1,0.98,-1.0,0.91,0.62,-1,0.98,0.0,0.09,0.62
16,1,1,-1,0.99,0.0,0.78,0.0,-1,0.99,0.0,-0.35,0.0,-1,0.99,0.0,0.02,0.0
16,0,1,-1,-0.92,-0.33,0.87,0.0,-1,-0.92,-0.33,-0.03,0.05,-1,-0.92,0.33,-0.62,0.0
16,1,1,-1,1.0,0.0,0.45,0.0,-1,1.0,0.0,-0.38,0.0,-1,1.0,0.0,-0.84,0.0
16,0,1,-1,0.99,0.0,-0.04,0.75,-1,0.99,-1.0,-0.3,0.88,-1,0.99,-1.0,0.08,0.88
16,1,1,-1,0.99,0.0,0.03,0.0,-1,0.99,0.0,-0.01,0.0,-1,0.99,0.0,0.91,0.0
16,0,1,-1,-0.99,-0.33,0.49,0.04,-1,-0.99,0.33,0.44,0.07,-1,-0.99,0.33,-0.54,0.02
16,1,1,-1,1.0,0.0,-0.17,0.0,-1,1.0,0.0,0.08,0.0,-1,1.0,0.0,-0.88,0.0
16,0,1,-1,0.99,0.0,0.48,0.75,-1,0.99,-1.0,0.12,0.88,-1,0.99,-1.0,0.6,0.88
16,1,1,-1,0.99,0.0,-0.49,0.0,-1,0.99,0.0,0.41,0.0,-1,0.99,0.0,0.67,0.0
16,0,1,-1,-0.97,0.0,0.97,0.02,-1,-0.97,0.33,0.81,0.01,-1,-0.97,0.33,0.49,0.02
16,1,1,-1,1.0,0.0,-0.21,0.0,-1,1.0,0.0,-0.22,0.0,-1,1.0,0.0,0.07,0.0
16,0,1,-1,1.0,0.33,0.83,1.0,-1,1.0,-1.0,0.85,1.0,-1,1.0,1.0,0.55,1.0
16,1,1,-1,0.99,0.0,-0.91,0.0,-1,0.99,0.0,-0.64,0.0,-1,0.99,0.0,0.31,0.0
16,0,1,-1,0.95,0.0,-0.26,0.04,-1,0.95,0.33,0.46,0.04,-1,0.95,0.33,0.36,0.03
16,1,1,-1,1.0,0.0,0.45,0.0,-1,1.0,0.0,0.21,0.0,-1,1.0,0.0,0.01,0.0
16,0,1,-1,0.98,0.0,-0.28,0.62,-1,0.98,-1.0,-0.53,0.62,-1,0.98,0.0,0.29,0.62
16,1,1,-1,-1.0,0.0,0.74,0.0,-1,-1.0,0.0,-0.32,0.0,-1,-1.0,0.0,0.76,0.0
16,0,1,-1,-0.81,0.67,0.95,0.4,-1,-0.81,0.67,-0.7,0.2,-1,-0.81,0.67,0.47,0.2
16,1,1,-1,1.0,0.0,-0.28,0.0,-1,1.0,0.0,-0.55,0.0,-1,1.0,0.0,0.47,0.0
16,0,1,-1,1.0,0.33,0.6,1.0,-1,1.0,-0.67,0.7,0.33,-1,1.0,0.33,0.04,0.33
16,1,1,-1,-0.99,0.0,-0.75,0.0,-1,-0.99,0.0,0.76,0.0,-1,-0.99,0.0,-0.92,0.0
16,0,1,-1,-1.0,0.0,-0.8,0.0,-1,-1.0,0.0,-0.67,0.0,-1,-1.0,0.0,-0.07,0.0
16,1,1,-1,1.0,0.0,0.38,0.0,-1,1.0,0.0,-0.63,0.0,-1,1.0,0.0,-0.91,0.0
16,0,1,-1,1.0,0.67,-0.92,1.0,-1,1.0,0.67,0.36,1.0,-1,1.0,0.0,-0.95,0.5
16,1,1,-1,-0.99,0.0,0.5,0.0,-1,-0.99,0.0,-0.2,0.0,-1,-0.99,0.0,0.53,0.0
16,0,1,-1,-1.0,0.0,-0.89,0.0,-1,-1.0,0.0,0.38,0.0,-1,-1.0,0.0,0.63,0.0
16,1,1,-1,1.0,0.0,-0.06,0.0,-1,1.0,0.0,-0.07,0.0,-1,1.0,0.0,0.62,0.0
16,0,1,-1,1.0,0.67,0.43,1.0,-1,1.0,0.67,0.48,1.0,-1,1.0,0.0,-0.86,0.5
16,1,1,-1,0.98,0.0,-0.99,0.0,-1,0.98,0.0,-0.7,0.0,-1,0.98,0.0,-0.68,0.0
16,0,1,-1,1.0,0.67,-0.63,1.0,-1,1.0,1.0,-0.04,1.0,-1,1.0,0.0,0.39,0.75
16,1,1,-1,-0.99,0.0,-0.6,0.0,-1,-0.99,0.0,0.43,0.0,-1,-0.99,0.0,-0.29,0.0
16,0,1,-1,-1.0,0.0,0.63,0.0,-1,-1.0,0.0,0.2,0.0,-1,-1.0,0.0,-0.24,0.0
16,1,1,-1,1.0,0.0,0.44,0.0,-1,1.0,0.0,-0.7,0.0,-1,1.0,0.0,0.55,0.0
16,0,1,-1,1.0,0.67,-0.63,1.0,-1,1.0,0.67,0.22,1.0,-1,1.0,0.0,0.15,0.5
16,1,1,-1,1.0,0.0,-0.57,0.0,-1,1.0,0.0,0.59,0.0,-1,1.0,0.0,-0.31,0.0
17,0,1,-1,1.0,0.67,0.11,0.21,-1,1.0,-1.0,-0.77,0.21,-1,1.0,0.67,0.2,0.21
17,1,1,-1,1.0,0.0,-0.1,0.0,-1,1.0,0.0,-0.82,0.0,-1,1.0,0.0,0.38,0.0
17,0,1,-1,0.96,0.33,0.61,0.03,-1,0.96,0.67,-0.49,0.01,-1,0.96,0.67,0.86,0.02
17,1,1,-1,1.0,0.0,-0.38,0.0,-1,1.0,0.0,-0.64,0.0,-1,1.0,0.0,-0.8,0.0
17,0,1,-1,1.0,-0.33,0.84,0.2,-1,1.0,-0.33,-0.94,0.24,-1,1.0,-0.67,0.64,0.17
17,1,1,-1,1.0,0.0,-0.79,0.0,-1,1.0,0.0,-0.38,0.0,-1,1.0,0.0,-0.14,0.0
17,0,1,-1,-0.99,0.67,-0.33,0.01,-1,-0.99,0.67,-0.96,0.0,-1,-0.99,0.33,0.03,0.01
17,1,1,-1,1.0,0.0,-0.01,0.0,-1,1.0,0.0,-0.57,0.0,-1,1.0,0.0,-0.06,0.0
17,0,1,-1,0.99,0.0,-0.26,0.75,-1,0.99,-1.0,-0.4,0.88,-1,0.99,-1.0,0.34,0.88
17,1,1,-1,1.0,0.0,-0.26,0.0,-1,1.0,0.0,-0.18,0.0,-1,1.0,0.0,-0.57,0.0
17,0,1,-1,-0.93,0.0,0.11,-0.1,-1,-0.93,0.67,0.24,-0.08,-1,-0.93,0.0,-0.75,-0.09
17,1,1,-1,1.0,0.0,-0.72,0.0,-1,1.0,0.0,0.68,0.0,-1,1.0,0.0,0.03,0.0
17,0,1,-1,1.0,0.33,-0.64,1.0,-1,1.0,-1.0,0.84,1.0,-1,1.0,1.0,-0.91,1.0
17,1,1,-1,1.0,0.0,-0.21,0.0,-1,1.0,0.0,0.69,0.0,-1,1.0,0.0,0.51,0.0
17,0,1,-1,-0.96,0.0,0.72,0.05,-1,-0.96,0.0,0.9,0.03,-1,-0.96,1.0,-0.9,0.03
17,1,1,-1,1.0,0.0,0.96,0.0,-1,1.0,0.0,0.48,0.0,-1,1.0,0.0,0.66,0.0
17,0,1,-1,0.99,0.0,-0.08,0.75,-1,0.99,-1.0,-0.72,0.88,-1,0.99,-1.0,-0.44,0.88
17,1,1,-1,1.0,0.0,-0.05,0.0,-1,1.0,0.0,0.44,0.0,-1,1.0,0.0,-0.69,0.0
17,0,1,-1,-1.0,-0.33,-0.7,0.03,-1,-1.0,-0.67,0.43,-0.01,-1,-1.0,-0.33,0.79,0.01
17,1,1,-1,1.0,0.0,-0.56,0.0,-1,1.0,0.0,0.11,0.0,-1,1.0,0.0,-0.99,0.0
17,0,1,-1,1.0,0.0,0.17,1.0,-1,1.0,0.0,0.43,1.0,-1,1.0,0.67,-0.79,0.88
17,1,1,-1,1.0,0.0,0.28,0.0,-1,1.0,0.0,-0.73,0.0,-1,1.0,0.0,0.36,0.0
17,0,1,-1,-1.0,-0.33,-0.7,0.03,-1,-1.0,-0.67,0.37,-0.01,-1,-1.0,-0.67,0.65,0.02
17,1,1,-1,1.0,0.0,0.08,0.0,-1,1.0,0.0,0.15,0.0,-1,1.0,0.0,-0.9,0.0
17,0,1,-1,1.0,0.33,0.49,1.0,-1,1.0,-1.0,-0.04,1.0,-1,1.0,1.0,0.43,1.0
17,1,1,-1,0.99,0.0,-0.43,0.0,-1,0.99,0.0,-0.88,0.0,-1,0.99,0.0,0.7,0.0
17,0,1,-1,0.97,0.33,0.48,0.0,-1,0.97,0.33,-0.4,-0.02,-1,0.97,0.33,-0.66,-0.01
17,1,1,-1,1.0,0.0,-0.93,0.0,-1,1.0,0.0,0.08,0.0,-1,1.0,0.0,-0.47,0.0
17,0,1,-1,1.0,0.0,0.85,0.42,-1,1.0,-1.0,0.54,0.25,-1,1.0,0.67,-0.38,0.25
17,1,1,-1,0.99,0.0,-0.15,0.0,-1,0.99,0.0,0.74,0.0,-1,0.99,0.0,-0.81,0.0
17,0,1,-1,-0.92,-0.33,0.47,0.0,-1,-0.92,-0.33,0.38,0.05,-1,-0.92,0.33,0.24,0.0
17,1,1,-1,1.0,0.0,-0.38,0.0,-1,1.0,0.0,0.19,0.0,-1,1.0,0.0,0.77,0.0
17,0,1,-1,1.0,0.0,0.7,0.42,-1,1.0,-1.0,-0.68,0.25,-1,1.0,0.67,0.97,0.25
17,1,1,-1,0.99,0.0,0.52,0.0,-1,0.99,0.0,0.19,0.0,-1,0.99,0.0,-0.89,0.0
17,0,1,-1,-0.99,-0.33,-0.75,0.04,-1,-0.99,0.33,-0.88,0.07,-1,-0.99,0.33,0.57,0.02
17,1,1,-1,1.0,0.0,-0.03,0.0,-1,1.0,0.0,-0.18,0.0,-1,1.0,0.0,0.21,0.0
17,0,1,-1,0.98,0.0,-0.29,0.62,-1,0.98,-1.0,-0.29,0.62,-1,0.98,0.0,0.91,0.62
17,1,1,-1,0.99,0.0,0.41,0.0,-1,0.99,0.0,-0.9,0.0,-1,0.99,0.0,-0.73,0.0
17,0,1,-1,-0.97,0.0,-0.39,0.02,-1,-0.97,0.33,-0.62,0.01,-1,-0.97,0.33,-0.39,0.02
17,1,1,-1,1.0,0.0,0.57,0.0,-1,1.0,0.0,0.21,0.0,-1,1.0,0.0,0.17,0.0
17,0,1,-1,1.0,0.0,-0.14,0.42,-1,1.0,-1.0,-0.76,0.25,-1,1.0,0.67,-0.98,0.25
17,1,1,-1,0.99,0.0,-0.4,0.0,-1,0.99,0.0,-0.42,0.0,-1,0.99,0.0,-0.57,0.0
17,0,1,-1,0.95,0.0,-0.99,0.04,-1,0.95,0.33,-0.91,0.04,-1,0.95,0.33,-0.29,0.03
17,1,1,-1,1.0,0.0,-0.23,0.0,-1,1.0,0.0,0.9,0.0,-1,1.0,0.0,-0.43,0.0
17,0,1,-1,1.0,0.0,-0.8,0.42,-1,1.0,-1.0,0.69,0.25,-1,1.0,0.67,-0.87,0.25
17,1,1,-1,-1.0,0.0,-0.63,0.0,-1,-1.0,0.0,-0.52,0.0,-1,-1.0,0.0,0.96,0.0
17,0,1,-1,-0.81,0.67,0.46,0.4,-1,-0.81,0.67,-0.27,0.2,-1,-0.81,0.67,0.66,0.2
17,1,1,-1,1.0,0.0,-0.55,0.0,-1,1.0,0.0,0.55,0.0,-1,1.0,0.0,0.19,0.0
17,0,1,-1,1.0,0.33,-0.15,1.0,-1,1.0,-0.67,-0.91,0.33,-1,1.0,0.33,-0.38,0.33
17,1,1,-1,0.99,0.0,-0.22,0.0,-1,0.99,0.0,-0.97,0.0,-1,0.99,0.0,0.35,0.0
17,0,1,-1,0.98,1.0,-0.56,0.21,-1,0.98,-1.0,0.98,0.21,-1,0.98,1.0,0.3,0.21
17,1,1,-1,1.0,0.0,0.31,0.0,-1,1.0,0.0,-0.66,0.0,-1,1.0,0.0,-0.59,0.0
17,0,1,-1,1.0,0.67,0.37,1.0,-1,1.0,0.67,0.17,1.0,-1,1.0,0.0,-0.94,0.5
17,1,1,-1,-1.0,0.0,0.47,0.0,-1,-1.0,0.0,-0.18,0.0,-1,-1.0,0.0,0.55,0.0
17,0,1,-1,-0.81,0.67,0.41,0.4,-1,-0.81,0.67,-0.19,0.2,-1,-0.81,0.67,-0.06,0.2
17,1,1,-1,1.0,0.0,-0.93,0.0,-1,1.0,0.0,0.96,0.0,-1,1.0,0.0,0.72,0.0
17,0,1,-1,1.0,0.67,-0.28,0.31,-1,1.0,-1.0,-0.13,0.25,-1,1.0,0.67,0.97,0.25
18,1,1,-1,1.0,0.0,0.64,0.0,-1,1.0,0.0,-0.39,0.0,-1,1.0,0.0,-0.34,0.0
18,0,1,-1,0.96,0.33,0.65,0.03,-1,0.96,0.67,0.51,0.01,-1,0.96,0.67,-0.39,0.02
18,1,1,-1,1.0,0.0,-0.53,0.0,-1,1.0,0.0,0.1,0.0,-1,1.0,0.0,0.31,0.0
18,0,1,-1,1.0,-0.33,0.15,0.2,-1,1.0,-0.33,-0.24,0.24,-1,1.0,-0.67,0.4,0.17
18,1,1,-1,1.0,0.0,-0.95,0.0,-1,1.0,0.0,0.32,0.0,-1,1.0,0.0,-0.75,0.0
18,0,1,-1,-0.99,0.67,-0.23,0.01,-1,-0.99,0.67,-0.44,0.0,-1,-0.99,0.33,0.22,0.01
18,1,1,-1,1.0,0.0,-0.84,0.0,-1,1.0,0.0,-0.57,0.0,-1,1.0,0.0,-0.2,0.0
18,0,1,-1,1.0,0.0,0.03,0.42,-1,1.0,-1.0,-0.53,0.25,-1,1.0,0.67,-0.53,0.25
18,1,1,-1,1.0,0.0,0.73,0.0,-1,1.0,0.0,-0.26,0.0,-1,1.0,0.0,-0.65,0.0
18,0,1,-1,-0.93,0.0,0.77,-0.1,-1,-0.93,0.67,-0.57,-0.08,-1,-0.93,0.0,-0.51,-0.09
18,1,1,-1,1.0,0.0,0.16,0.0,-1,1.0,0.0,-0.32,0.0,-1,1.0,0.0,-0.41,0.0
18,0,1,-1,1.0,0.0,-0.75,0.42,-1,1.0,-1.0,0.36,0.25,-1,1.0,0.67,0.48,0.25
18,1,1,-1,1.0,0.0,0.0,0.0,-1,1.0,0.0,0.17,0.0,-1,1.0,0.0,0.9,0.0
18,0,1,-1,-0.91,0.0,-0.58,0.05,-1,-0.91,0.0,0.27,0.01,-1,-0.91,1.0,-0.85,0.04
18,1,1,-1,1.0,0.0,0.16,0.0,-1,1.0,0.0,0.62,0.0,-1,1.0,0.0,-0.97,0.0
18,0,1,-1,1.0,0.0,-0.05,0.42,-1,1.0,-1.0,-0.05,0.25,-1,1.0,0.67,0.41,0.25
18,1,1,-1,1.0,0.0,-0.69,0.0,-1,1.0,0.0,-0.02,0.0,-1,1.0,0.0,0.63,0.0
18,0,1,-1,-1.0,-0.33,-0.49,0.03,-1,-1.0,-0.67,-0.73,-0.01,-1,-1.0,-0.67,-0.65,0.02
18,1,1,-1,1.0,0.0,0.34,0.0,-1,1.0,0.0,0.28,0.0,-1,1.0,0.0,-0.34,0.0
18,0,1,-1,0.99,0.0,0.91,0.75,-1,0.99,-1.0,0.3,0.88,-1,0.99,-1.0,-0.28,0.88
18,1,1,-1,0.99,0.0,-0.06,0.0,-1,0.99,0.0,0.71,0.0,-1,0.99,0.0,0.52,0.0
18,0,1,-1,0.97,0.33,-0.52,0.0,-1,0.97,0.33,0.53,-0.02,-1,0.97,0.33,0.62,-0.01
18,1,1,-1,1.0,0.0,-0.62,0.0,-1,1.0,0.0,-0.04,0.0,-1,1.0,0.0,0.52,0.0
18,0,1,-1,1.0,0.0,-0.33,0.42,-1,1.0,-1.0,0.27,0.25,-1,1.0,0.67,0.28,0.25
18,1,1,-1,0.99,0.0,-0.54,0.0,-1,0.99,0.0,0.75,0.0,-1,0.99,0.0,0.82,0.0
18,0,1,-1,-0.92,-0.33,-0.27,0.0,-1,-0.92,-0.33,0.63,0.05,-1,-0.92,0.33,0.11,0.0
18,1,1,-1,1.0,0.0,0.35,0.0,-1,1.0,0.0,0.08,0.0,-1,1.0,0.0,0.75,0.0
18,0,1,-1,1.0,0.0,-0.5,1.0,-1,1.0,0.0,0.21,1.0,-1,1.0,0.67,0.26,0.88
18,1,1,-1,0.99,0.0,0.85,0.0,-1,0.99,0.0,0.02,0.0,-1,0.99,0.0,0.98,0.0
18,0,1,-1,-0.99,-0.33,0.85,0.04,-1,-0.99,0.33,-0.38,0.07,-1,-0.99,0.33,0.4,0.02
18,1,1,-1,1.0,0.0,-0.55,0.0,-1,1.0,0.0,-0.51,0.0,-1,1.0,0.0,0.51,0.0
18,0,1,-1,0.98,0.0,0.88,0.62,-1,0.98,-1.0,-0.16,0.62,-1,0.98,0.0,-0.04,0.62
18,1,1,-1,0.99,0.0,0.29,0.0,-1,0.99,0.0,-0.64,0.0,-1,0.99,0.0,0.05,0.0
18,0,1,-1,-0.97,0.0,0.24,0.02,-1,-0.97,0.33,-0.54,0.01,-1,-0.97,0.33,-0.88,0.02
18,1,1,-1,1.0,0.0,-0.97,0.0,-1,1.0,0.0,0.69,0.0,-1,1.0,0.0,-0.92,0.0
18,0,1,-1,1.0,0.0,-0.56,0.42,-1,1.0,-1.0,-0.28,0.25,-1,1.0,0.67,0.42,0.25
18,1,1,-1,0.99,0.0,-0.69,0.0,-1,0.99,0.0,-0.16,0.0,-1,0.99,0.0,0.31,0.0
18,0,1,-1,0.97,0.33,0.36,0.0,-1,0.97,0.33,-0.51,-0.02,-1,0.97,0.33,0.2,-0.01
18,1,1,-1,1.0,0.0,0.76,0.0,-1,1.0,0.0,0.08,0.0,-1,1.0,0.0,-0.38,0.0
18,0,1,-1,1.0,0.0,-0.08,0.42,-1,1.0,-1.0,0.46,0.25,-1,1.0,0.67,-0.91,0.25
18,1,1,-1,0.99,0.0,-0.23,0.0,-1,0.99,0.0,-0.74,0.0,-1,0.99,0.0,-0.78,0.0
18,0,1,-1,0.95,0.0,-0.71,0.04,-1,0.95,0.33,-0.01,0.04,-1,0.95,0.33,-0.02,0.03
18,1,1,-1,1.0,0.0,-0.43,0.0,-1,1.0,0.0,-0.83,0.0,-1,1.0,0.0,-0.17,0.0
18,0,1,-1,0.98,0.0,0.77,0.62,-1,0.98,-1.0,-0.15,0.62,-1,0.98,0.0,-0.76,0.62
18,1,1,-1,-1.0,0.0,-0.6,0.0,-1,-1.0,0.0,0.9,0.0,-1,-1.0,0.0,-0.86,0.0
18,0,1,-1,-0.81,0.67,0.43,0.4,-1,-0.81,0.67,0.58,0.2,-1,-0.81,0.67,0.63,0.2
18,1,1,-1,1.0,0.0,0.29,0.0,-1,1.0,0.0,0.27,0.0,-1,1.0,0.0,0.31,0.0
18,0,1,-1,1.0,0.33,-0.35,1.0,-1,1.0,-0.67,-0.2,0.33,-1,1.0,0.33,0.22,0.33
18,1,1,-1,0.96,0.0,-0.05,0.0,-1,0.96,0.0,-0.34,0.0,-1,0.96,0.0,-0.88,0.0
18,0,1,-1,-1.0,0.0,-0.85,0.0,-1,-1.0,0.0,-0.24,0.0,-1,-1.0,0.0,0.6,0.0
18,1,1,-1,1.0,0.0,0.15,0.0,-1,1.0,0.0,0.47,0.0,-1,1.0,0.0,0.78,0.0
18,0,1,-1,1.0,0.33,0.05,1.0,-1,1.0,-0.67,0.8,0.33,-1,1.0,0.33,-0.84,0.33
18,1,1,-1,-1.0,0.0,0.72,0.0,-1,-1.0,0.0,0.3,0.0,-1,-1.0,0.0,0.17,0.0
18,0,1,-1,-1.0,0.0,-0.99,0.0,-1,-1.0,0.0,0.46,0.0,-1,-1.0,0.0,-0.32,0.0
18,1,1,-1,1.0,0.0,0.0,0.0,-1,1.0,0.0,-0.96,0.0,-1,1.0,0.0,0.97,0.0
18,0,1,-1,1.0,0.67,0.44,1.0,-1,1.0,0.67,-0.07,1.0,-1,1.0,0.0,-0.27,0.5
18,1,1,-1,-1.0,0.0,-0.54,0.0,-1,-1.0,0.0,0.72,0.0,-1,-1.0,0.0,-0.96,0.0
18,0,1,-1,-1.0,0.0,0.33,0.0,-1,-1.0,0.0,0.06,0.0,-1,-1.0,0.0,-0.23,0.0
18,1,1,-1,1.0,0.0,0.32,0.0,-1,1.0,0.0,0.75,0.0,-1,1.0,0.0,0.32,0.0
18,0,1,-1,1.0,0.67,-0.08,1.0,-1,1.0,0.67,-0.41,1.0,-1,1.0,0.0,-0.15,0.5
18,1,1,-1,-1.0,0.0,-0.36,0.0,-1,-1.0,0.0,0.69,0.0,-1,-1.0,0.0,-0.65,0.0
18,0,1,-1,0.99,1.0,0.05,1.0,-1,0.99,0.67,0.49,1.0,-1,0.99,0.0,-0.82,0.5
18,1,1,-1,1.0,0.0,0.58,0.0,-1,1.0,0.0,-0.08,0.0,-1,1.0,0.0,-0.76,0.0
18,0,1,-1,1.0,0.67,0.79,1.0,-1,1.0,0.67,0.94,1.0,-1,1.0,0.0,0.06,0.5
18,1,1,-1,1.0,0.0,-0.34,0.0,-1,1.0,0.0,-0.01,0.0,-1,1.0,0.0,-0.51,0.0
